triplet_id,unit_id,dataset,subject,predicate,object,confidence,label,reason
de7df69e-0c32-5908-a721-65cec99a800a,hotpot_5ae143ed55429920d5234360_Moscow State University,hotpotqa,Moscow State University,founded_by,Mikhail Lomonosov,0.85,SUPPORTED,The passage directly states that Moscow State University was founded by Mikhail Lomonosov.
9c8bb49f-7c7c-5deb-94b7-fb7f9fa9aa38,hotpot_5ae143ed55429920d5234360_Moscow State University,hotpotqa,Moscow State University,renamed_to,Lomonosov University,0.85,SUPPORTED,The passage explicitly states that MSU was renamed to 'Lomonosov University' in 1940.
76b60ad7-d777-5654-a918-0ae062695e20,hotpot_5ae143ed55429920d5234360_Moscow State University,hotpotqa,Moscow State University,has_building,tallest educational building in the world,0.85,SUPPORTED,The passage directly states that MSU houses the tallest educational building in the world.
b9b026cb-a51c-5512-b529-634a7e553060,hotpot_5ae143ed55429920d5234360_Moscow State University,hotpotqa,Moscow State University,rated_among,universities with the best reputation in the world,0.85,SUPPORTED,The passage directly states that MSU is rated among the universities with the best reputation in the world.
f381fbab-11b6-5611-b236-dd77ecbbb622,hotpot_5ae143ed55429920d5234360_Moscow State University,hotpotqa,Moscow State University,has_rector,Viktor Sadovnichiy,0.85,SUPPORTED,The passage explicitly mentions Viktor Sadovnichiy as the current rector of Moscow State University.
627e1959-e661-519c-abc8-ceaa7b054b95,hotpot_5ae143ed55429920d5234360_Sergei Aleksandrovich Tokarev,hotpotqa,Sergei Aleksandrovich Tokarev,spoken_language,Russian,0.85,UNSUPPORTED,The passage does not mention the spoken language of Sergei Aleksandrovich Tokarev.
25d59475-cd18-53a0-b071-a2995f57cb15,hotpot_5ae143ed55429920d5234360_Sergei Aleksandrovich Tokarev,hotpotqa,Sergei Aleksandrovich Tokarev,died_in,1985-04-19,0.85,SUPPORTED,The passage explicitly states the date of Sergei Aleksandrovich Tokarev's death.
3a83731e-393d-51d1-b5d1-de1349871400,hotpot_5ae143ed55429920d5234360_Sergei Aleksandrovich Tokarev,hotpotqa,Sergei Aleksandrovich Tokarev,occupation,scholar,0.85,SUPPORTED,The passage explicitly states that Sergei Aleksandrovich Tokarev was a scholar.
a53f64ec-921e-55bf-9ab5-a93d2cf8ddf7,hotpot_5ae143ed55429920d5234360_Sergei Aleksandrovich Tokarev,hotpotqa,Sergei Aleksandrovich Tokarev,occupation,ethnographer,0.85,SUPPORTED,The passage explicitly states that Sergei Aleksandrovich Tokarev was an ethnographer.
98da68e4-2bc9-5926-a6c8-37484a8498e6,hotpot_5ae143ed55429920d5234360_Sergei Aleksandrovich Tokarev,hotpotqa,Sergei Aleksandrovich Tokarev,occupation,historian,0.85,SUPPORTED,The passage explicitly states that Sergei Aleksandrovich Tokarev was a historian.
fba11270-57e9-512e-964a-12d2b1689a42,hotpot_5ae143ed55429920d5234360_Sergei Aleksandrovich Tokarev,hotpotqa,Sergei Aleksandrovich Tokarev,occupation,researcher_of_religious_beliefs,0.85,SUPPORTED,The passage explicitly lists Tokarev as a researcher of religious beliefs.
54e63a73-5dc2-5345-9ce2-6a41bef9a288,hotpot_5ae143ed55429920d5234360_Sergei Aleksandrovich Tokarev,hotpotqa,Sergei Aleksandrovich Tokarev,degree,doctor_of_historical_sciences,0.85,SUPPORTED,The passage directly states that Tokarev was a doctor of historical sciences.
6472b776-0668-5611-8021-f2dcfe9f43b1,hotpot_5ae143ed55429920d5234360_Sergei Aleksandrovich Tokarev,hotpotqa,Sergei Aleksandrovich Tokarev,position,professor_at_moscow_state_university,0.85,SUPPORTED,The passage directly states that Tokarev was a professor at Moscow State University.
d274e414-87bf-5851-8404-5925bcae5007,hotpot_5abc19705542993a06baf86e_Black Book (film),hotpotqa,Black Book,dutch_title,Zwartboek,0.85,SUPPORTED,The passage explicitly states the Dutch title of the film as Zwartboek.
308f720d-837e-5045-ba8b-bbdc574f90ef,hotpot_5abc19705542993a06baf86e_Black Book (film),hotpotqa,Black Book,released_in,2006,0.85,UNSUPPORTED,The passage does not mention the release year of the film.
04dc8b8e-1561-5f82-80aa-8c6e51d84a25,hotpot_5abc19705542993a06baf86e_Black Book (film),hotpotqa,Black Book,genre,thriller,0.85,SUPPORTED,The passage explicitly states that Black Book is a thriller film.
82d32489-f139-5478-acd0-a3f8b946bcbc,hotpot_5abc19705542993a06baf86e_Black Book (film),hotpotqa,Black Book,directed_by,Paul Verhoeven,0.85,SUPPORTED,The passage explicitly states that Paul Verhoeven co-wrote and directed the film Black Book.
2be4a77a-44ce-5c66-ae2d-74c2da5cf866,hotpot_5abc19705542993a06baf86e_Black Book (film),hotpotqa,Black Book,starring,Carice van Houten,0.85,SUPPORTED,The passage explicitly mentions Carice van Houten as a star of the film Black Book.
0a4f226b-60a8-50db-a9c3-63db87909481,hotpot_5abc19705542993a06baf86e_Black Book (film),hotpotqa,Black Book,starring,Sebastian Koch,0.85,SUPPORTED,The passage explicitly mentions Sebastian Koch as a star of the film Black Book.
30ff92b0-d2a0-53de-902c-095780f040b5,hotpot_5abc19705542993a06baf86e_Black Book (film),hotpotqa,Black Book,starring,Thom Hoffman,0.85,SUPPORTED,The passage explicitly mentions Thom Hoffman as a star of the film Black Book.
4d587283-cdd6-54ab-97d0-e9b07cf45214,hotpot_5abc19705542993a06baf86e_Black Book (film),hotpotqa,Black Book,starring,Halina Reijn,0.85,SUPPORTED,The passage explicitly mentions Halina Reijn as a star of the film Black Book.
b9919bc2-27eb-59ac-a8b1-8e6478011a7d,hotpot_5abc19705542993a06baf86e_Black Book (film),hotpotqa,Black Book,world_premiere,Venice Film Festival,0.85,SUPPORTED,The passage explicitly states the world premiere of Black Book at the Venice Film Festival.
96f9ba3f-067a-510a-adb2-aa00cd5bd8b5,hotpot_5abc19705542993a06baf86e_Black Book (film),hotpotqa,Black Book,world_premiere_date,1 September 2006,0.85,SUPPORTED,The passage explicitly states the world premiere date of Black Book as 1 September 2006.
cf3ea5fa-c33c-5f06-9978-7569e0c2f175,hotpot_5abc19705542993a06baf86e_Black Book (film),hotpotqa,Black Book,public_release,Netherlands,0.85,SUPPORTED,The passage explicitly states that Black Book had its public release in the Netherlands.
dbfacd56-8723-5079-b71a-0a43193b834b,hotpot_5abc19705542993a06baf86e_Black Book (film),hotpotqa,Black Book,public_release_date,14 September 2006,0.85,SUPPORTED,The passage explicitly states the public release date of Black Book as 14 September 2006.
a05d53bc-d0e6-50b5-9c78-5e68d1ad97fb,hotpot_5abc19705542993a06baf86e_Black Book (film),hotpotqa,Paul Verhoeven,last_film_in_netherlands,The Fourth Man,0.85,SUPPORTED,The passage directly states that 'The Fourth Man' is the last film Verhoeven made in the Netherlands before moving to the US.
73e5545f-86c5-5f79-8171-15d0ccbc8ed4,hotpot_5abc19705542993a06baf86e_Black Book (film),hotpotqa,The Fourth Man,released_in,1983,0.85,SUPPORTED,The passage directly states that 'The Fourth Man' was made in 1983.
d952b24d-32c3-5a38-bd0f-64725acfe554,hotpot_5abc19705542993a06baf86e_Halina Reijn,hotpotqa,Halina Reijn,is,Dutch actress and writer,0.85,SUPPORTED,The passage directly states the fact without any loss of meaning.
00690b81-1469-5ece-ac7a-ba285c595635,hotpot_5ac3e0f7554299194317388b_American Beauty (1999 film),hotpotqa,American Beauty,is_a,1999 American drama film,0.85,SUPPORTED,The passage directly states that American Beauty is a 1999 American drama film.
1f73b94b-7088-520a-8e88-517ba6c6f499,hotpot_5ac3e0f7554299194317388b_American Beauty (1999 film),hotpotqa,American Beauty,directed_by,Sam Mendes,0.85,SUPPORTED,The passage directly states that American Beauty was directed by Sam Mendes.
4fab083b-9aa3-5c86-9396-6c9dda5d538b,hotpot_5ac3e0f7554299194317388b_American Beauty (1999 film),hotpotqa,American Beauty,written_by,Alan Ball,0.85,SUPPORTED,The passage directly states that American Beauty was written by Alan Ball.
d347318c-0ee2-5f75-a719-9f41be5c8d85,hotpot_5ac3e0f7554299194317388b_American Beauty (1999 film),hotpotqa,Kevin Spacey,stars_as,Lester Burnham,0.85,SUPPORTED,The passage directly states that Kevin Spacey stars as Lester Burnham.
475a8cdc-1751-5fcb-a0f7-34175fb6d609,hotpot_5ac3e0f7554299194317388b_American Beauty (1999 film),hotpotqa,Lester Burnham,has_midlife_crisis_over,Angela,0.85,SUPPORTED,"The passage directly states that Lester Burnham becomes infatuated with Angela, which implies a midlife crisis over her."
d19ab93b-3e60-5eea-8bf5-c8460be4320f,hotpot_5ac3e0f7554299194317388b_American Beauty (1999 film),hotpotqa,Angela,is,teenage daughter's best friend,0.85,SUPPORTED,The passage directly states that Angela is Lester's teenage daughter's best friend.
d609b5ba-789f-590a-8343-09eec0994b24,hotpot_5ac3e0f7554299194317388b_American Beauty (1999 film),hotpotqa,Annette Bening,co-stars_as,Carolyn,0.85,SUPPORTED,"The passage directly states that Annette Bening co-stars as Lester's materialistic wife, Carolyn."
a044ffa6-7f1e-5cff-8b60-1e74ed5ab5f9,hotpot_5ac3e0f7554299194317388b_American Beauty (1999 film),hotpotqa,Carolyn,is,materialistic wife,0.85,SUPPORTED,The passage directly describes Carolyn as Lester's materialistic wife.
8086bf34-bf0e-5aa4-8189-cf724dadf92d,hotpot_5ac3e0f7554299194317388b_American Beauty (1999 film),hotpotqa,Thora Birch,plays,Jane,0.85,SUPPORTED,The passage directly states that Thora Birch plays Jane.
03961c50-c01d-5548-b89f-4af04ecd8391,hotpot_5ac3e0f7554299194317388b_American Beauty (1999 film),hotpotqa,Jane,is,insecure daughter,0.85,SUPPORTED,The passage directly states that Jane is an insecure daughter.
b1702936-13a8-539d-bb4c-cb35fece9687,hotpot_5ac3e0f7554299194317388b_American Beauty (1999 film),hotpotqa,Wes Bentley,features_as,unknown role,0.85,SUPPORTED,The passage explicitly mentions Wes Bentley as a cast member in the film.
e25a3856-32ea-5989-bef1-fe880afd2fee,hotpot_5ac3e0f7554299194317388b_American Beauty (1999 film),hotpotqa,Chris Cooper,features_as,unknown role,0.85,SUPPORTED,The passage explicitly mentions Chris Cooper as one of the actors who feature in the film.
02f99c4d-5b15-5630-852d-81715cb8e1d5,hotpot_5ac3e0f7554299194317388b_American Beauty (1999 film),hotpotqa,Allison Janney,features_as,unknown role,0.85,SUPPORTED,The passage explicitly mentions Allison Janney featuring in the film.
8c010218-45ca-5d47-b633-b7e27e9ea399,hotpot_5ac3e0f7554299194317388b_American Beauty (1999 film),hotpotqa,American Beauty,described_as,satire of American middle-class notions of beauty and personal satisfaction,0.85,SUPPORTED,The passage directly states that American Beauty is described as a satire of American middle-class notions of beauty and personal satisfaction.
5a4bdc2b-c887-54c9-a94f-0d34eb34dbbe,hotpot_5ac3e0f7554299194317388b_American Beauty (1999 film),hotpotqa,American Beauty,explores,romantic love,0.85,SUPPORTED,The passage explicitly states that the film explores romantic love.
9023d152-93e2-5e61-b5c5-8f46a8b1485d,hotpot_5ac3e0f7554299194317388b_American Beauty (1999 film),hotpotqa,American Beauty,explores,paternal love,0.85,SUPPORTED,The passage explicitly states that the film explores paternal love.
fe6032f6-e7d1-5194-97f6-193b07aae489,hotpot_5ac3e0f7554299194317388b_American Beauty (1999 film),hotpotqa,American Beauty,explores,sexuality,0.85,SUPPORTED,The passage explicitly states that the film explores sexuality.
87683ff7-99ca-5ec2-8135-66e70934f769,hotpot_5ac3e0f7554299194317388b_American Beauty (1999 film),hotpotqa,American Beauty,explores,beauty,0.85,SUPPORTED,The passage directly states that American Beauty explores beauty.
65511cd1-a448-5ccf-a122-eeb07bc35c2d,hotpot_5ac3e0f7554299194317388b_American Beauty (1999 film),hotpotqa,American Beauty,explores,materialism,0.85,SUPPORTED,"The passage explicitly states that the film is a satire of American middle-class notions of beauty and personal satisfaction, which includes materialism."
cc653909-c728-5e0d-97c8-a4c37578c856,hotpot_5ac3e0f7554299194317388b_American Beauty (1999 film),hotpotqa,American Beauty,explores,self-liberation,0.85,SUPPORTED,The passage explicitly states that the film explores self-liberation.
0c2d9da8-1bba-5f71-a5be-98fe2cc6c643,hotpot_5ac3e0f7554299194317388b_American Beauty (1999 film),hotpotqa,American Beauty,explores,redemption,0.85,SUPPORTED,The passage explicitly states that analysis has focused on the film's explorations of redemption.
fcc755f4-76ba-51fb-8310-98313b6e0d0a,hotpot_5ac3e0f7554299194317388b_American Beauty (soundtrack),hotpotqa,American Beauty: Music from the Original Motion Picture Soundtrack,soundtrack_of,American Beauty,0.85,SUPPORTED,The passage directly states the soundtrack album is for the film American Beauty.
1789ae4a-d8f1-5840-bf43-600583f11796,hotpot_5ac3e0f7554299194317388b_American Beauty (soundtrack),hotpotqa,American Beauty,starring,Kevin Spacey,0.85,SUPPORTED,The passage directly states that Kevin Spacey starred in the film American Beauty.
ca7adea5-3ea2-5b65-b61b-0325b3fd0e02,hotpot_5ac3e0f7554299194317388b_American Beauty (soundtrack),hotpotqa,American Beauty,starring,Annette Bening,0.85,SUPPORTED,The passage directly states the fact that Annette Bening starred in American Beauty.
3e73e83b-f6a1-5171-b882-8ea9107038bd,hotpot_5ae518655542993aec5ec139_Florida Senate,hotpotqa,Florida Senate,upper_house_of,legislature_of_Florida,0.85,SUPPORTED,The passage directly states that the Florida Senate is the upper house of the legislature of Florida.
ab5759b6-5bde-5fdd-85a6-72a73b3c591f,hotpot_5ae518655542993aec5ec139_Florida Senate,hotpotqa,Florida Senate,composes,Florida_Legislature,0.85,SUPPORTED,The passage directly states that the Florida Senate composes the Florida Legislature.
794d64b0-b474-5c3e-90a9-bbbad899074b,hotpot_5ae518655542993aec5ec139_Florida Senate,hotpotqa,Florida Senate,has_members,40,0.85,SUPPORTED,The passage explicitly states that the Florida Senate has 40 members.
1b62e56e-dc8e-56d8-80fd-2db1d7febb52,hotpot_5ae518655542993aec5ec139_Florida Senate,hotpotqa,Florida Senate,meets_at,State_Capitol_in_Tallahassee,0.85,SUPPORTED,The passage directly states that the Florida Senate meets at the State Capitol in Tallahassee.
31b293d1-2f3a-5341-bb23-039964f9b94e,hotpot_5ae518655542993aec5ec139_Ken Pruitt,hotpotqa,Ken Pruitt,was_member_of,Florida Senate,0.85,SUPPORTED,The passage directly states that Ken Pruitt was a member of the Florida Senate.
a682e7c9-f2c9-5bf3-88fa-5d44627e6410,hotpot_5ae518655542993aec5ec139_Ken Pruitt,hotpotqa,Ken Pruitt,represented,28th District,0.85,SUPPORTED,The passage directly states that Ken Pruitt represented the 28th District.
8aa67f2f-7425-5bfa-9574-ef01ba19b253,hotpot_5ae518655542993aec5ec139_Ken Pruitt,hotpotqa,28th District,includes_parts_of,Indian River County,0.85,SUPPORTED,The passage explicitly states that the 28th District includes portions of Indian River County.
8fd0c9d0-6b55-5735-ab3e-b9af99985872,hotpot_5ae518655542993aec5ec139_Ken Pruitt,hotpotqa,28th District,includes_parts_of,Martin County,0.85,SUPPORTED,The passage explicitly states that the 28th District includes portions of Martin County.
6aae7049-13da-5ae3-941d-ecb6578957c5,hotpot_5ae518655542993aec5ec139_Ken Pruitt,hotpotqa,28th District,includes_parts_of,Okeechobee County,0.85,ENTITY_ERROR,"The passage mentions Okeechobee County as one of the counties in the 28th District, not that the district includes Okeechobee County."
03676a83-173e-5aa8-8207-77d61c87df68,hotpot_5ae518655542993aec5ec139_Ken Pruitt,hotpotqa,28th District,includes_parts_of,Palm Beach County,0.85,SUPPORTED,The passage explicitly states that the 28th District includes portions of Palm Beach County.
8cb80e1f-71b0-52e6-b757-b0ce653cf947,hotpot_5ae518655542993aec5ec139_Ken Pruitt,hotpotqa,28th District,includes_parts_of,St. Lucie County,0.85,SUPPORTED,The passage explicitly states that the 28th District includes portions of St. Lucie County.
89181153-fb54-55f7-ad5b-a6f3e8e51378,hotpot_5ae518655542993aec5ec139_Ken Pruitt,hotpotqa,Ken Pruitt,was_previously_member_of,Florida House of Representatives,0.85,SUPPORTED,The passage directly states that Ken Pruitt was a member of the Florida House of Representatives from 1990 through 2000.
ae0c7535-63af-5b1a-8ff7-3ce0c08a550c,hotpot_5ae518655542993aec5ec139_Ken Pruitt,hotpotqa,Ken Pruitt,served_in,Florida House of Representatives,0.85,ENTITY_ERROR,"The passage refers to 'the Florida Senate' and 'the Florida House of Representatives' as separate entities, but the triplet incorrectly uses the latter as the object."
e664102a-730d-5c3a-913d-cdbb02ae68b6,hotpot_5ae518655542993aec5ec139_Ken Pruitt,hotpotqa,Ken Pruitt,served_from,1990,0.85,UNSUPPORTED,The passage does not mention the year 1990 as a starting point for Ken Pruitt's service.
878f2b94-50d8-5a52-93fc-e305ddbf98be,hotpot_5ae518655542993aec5ec139_Ken Pruitt,hotpotqa,Ken Pruitt,served_to,2000,0.85,UNSUPPORTED,"The passage does not mention Ken Pruitt serving in the year 2000, but rather mentions him serving from 2000 to 2009."
c6a864b1-bfe8-5e40-876d-1413a8c84859,hotpot_5ab985eb554299131ca42360_Greyia,hotpotqa,Greyia,is_a_genus_of,plant,0.85,SUPPORTED,The passage directly states that Greyia is a genus of plant.
1220789c-5225-5e22-9d2c-8468d823afd6,hotpot_5ab985eb554299131ca42360_Greyia,hotpotqa,Greyia,in_family,Melianthaceae,0.85,SUPPORTED,The passage directly states the genus Greyia is in family Melianthaceae.
1e5658cc-9370-5958-8fde-62e64c65aed7,hotpot_5ab985eb554299131ca42360_Greyia,hotpotqa,Greyia,contains,three_species,0.85,SUPPORTED,The passage directly states that Greyia contains three species.
56849362-ecf4-51b8-b7e9-18b8792a6794,hotpot_5ab985eb554299131ca42360_Calibanus,hotpotqa,Calibanus,is_a_genus_of,two_species,0.85,SUPPORTED,The passage directly states that Calibanus is a genus of two species.
49ba2ca3-8135-51c1-901d-02c7f7a8564f,hotpot_5ab985eb554299131ca42360_Calibanus,hotpotqa,Calibanus,has_characteristics,evergreen_succulents,0.85,SUPPORTED,The passage directly states that Calibanus is a genus of evergreen succulents.
96b924e0-75ab-54d3-b686-78d879998204,hotpot_5ab985eb554299131ca42360_Calibanus,hotpotqa,Calibanus,originates_from,dry_areas_of_northeastern_Mexico,0.85,SUPPORTED,The passage directly states that Calibanus is from dry areas of northeastern Mexico.
153f4379-64dd-55a7-a2a2-3251d00ff84a,hotpot_5ab985eb554299131ca42360_Calibanus,hotpotqa,Calibanus,classified_in,family_Asparagaceae,0.85,SUPPORTED,The passage directly states that Calibanus is classified in the family Asparagaceae.
7164f479-529f-5092-ae00-f68de92274a6,hotpot_5ab985eb554299131ca42360_Calibanus,hotpotqa,Calibanus,classified_in,subfamily_Nolinoideae,0.85,SUPPORTED,The passage directly states that Calibanus is classified in subfamily Nolinoideae.
aa005f0f-615d-5acf-abb0-1faaa2f508f8,hotpot_5ab985eb554299131ca42360_Calibanus,hotpotqa,Calibanus,formerly_classified_in,family_Ruscaceae,0.85,SUPPORTED,The passage explicitly states that Calibanus was formerly included in the family Ruscaceae.
ae5e4c43-c40e-51d8-92a7-739fc8dd15fe,hotpot_5ab985eb554299131ca42360_Calibanus,hotpotqa,Calibanus,formerly_included_in,family_Agavaceae,0.85,ENTITY_ERROR,"The passage mentions Agavaceae as a former classification, but the extracted triplet incorrectly states it as a family, whereas the passage refers to it as a former family (Agavaceae) now split into Agavoideae."
7288a0e2-7745-5bf9-9707-3341b1f25c1c,hotpot_5ab985eb554299131ca42360_Calibanus,hotpotqa,Calibanus,now_separated_from,Agavoideae,0.85,SUPPORTED,The passage explicitly states that Calibanus is now separated from Agavoideae.
bef772bc-3dad-5ca9-b37a-dc2a372ef207,hotpot_5ab985eb554299131ca42360_Calibanus,hotpotqa,Calibanus,has_life_cycle,polycarpic,0.85,SUPPORTED,The passage directly states that Calibanus is polycarpic.
ea010339-2d8a-55e6-8912-56b35458d394,hotpot_5ab985eb554299131ca42360_Calibanus,hotpotqa,Calibanus,named_after,Caliban,0.85,SUPPORTED,The passage explicitly states that Calibanus is named after the monster Caliban.
c282ec6a-7bc5-5305-9707-5e2517406132,hotpot_5a8753d95542994846c1cd63_John Updike,hotpotqa,John Updike,born_in,"March 18, 1932",0.85,UNSUPPORTED,The passage does not mention the date of John Updike's birth as a separate fact.
77ff58e3-bfe6-5694-ad4b-f50df94e6875,hotpot_5a8753d95542994846c1cd63_John Updike,hotpotqa,John Updike,died_in,"January 27, 2009",0.85,SUPPORTED,The passage directly states the date of John Updike's death.
1731a80b-eeae-543f-84e3-f85ad17807d2,hotpot_5a8753d95542994846c1cd63_John Updike,hotpotqa,John Updike,nationality,American,0.85,SUPPORTED,The passage explicitly states John Updike's nationality as American.
b1112ee3-9a38-5d08-b659-411610d31856,hotpot_5a8753d95542994846c1cd63_John Updike,hotpotqa,John Updike,occupation,novelist,0.85,SUPPORTED,The passage explicitly states that John Updike was a novelist.
a6034db5-83a1-569e-8851-6bf1db71ed34,hotpot_5a8753d95542994846c1cd63_John Updike,hotpotqa,John Updike,occupation,poet,0.85,SUPPORTED,The passage explicitly mentions John Updike as a poet.
29d9efcc-a427-5adf-aa54-c1bb3cc04289,hotpot_5a8753d95542994846c1cd63_John Updike,hotpotqa,John Updike,occupation,short story writer,0.85,SUPPORTED,The passage explicitly mentions John Updike as a short story writer.
eef0c4a4-5668-5058-a1eb-31bd619ff579,hotpot_5a8753d95542994846c1cd63_John Updike,hotpotqa,John Updike,occupation,art critic,0.85,SUPPORTED,The passage explicitly mentions John Updike as an art critic.
5e764a57-b096-5035-be65-1abe1d9b918a,hotpot_5a8753d95542994846c1cd63_John Updike,hotpotqa,John Updike,occupation,literary critic,0.85,SUPPORTED,The passage explicitly states that John Updike was a literary critic.
1729c824-b4ef-5987-9bc1-75933c030180,hotpot_5a8753d95542994846c1cd63_John Updike,hotpotqa,John Updike,awarded,Pulitzer Prize for Fiction,0.85,SUPPORTED,The passage explicitly states that John Updike won the Pulitzer Prize for Fiction.
f17f35bf-dc38-5e05-bdb8-1859ffd70535,hotpot_5a8753d95542994846c1cd63_John Updike,hotpotqa,John Updike,published,more than twenty novels,0.85,SUPPORTED,The passage directly states that John Updike published more than twenty novels.
adc9ccc9-6522-599a-8eaf-18c33370a9f9,hotpot_5a8753d95542994846c1cd63_John Updike,hotpotqa,John Updike,published,poetry,0.85,SUPPORTED,The passage explicitly states that Updike published poetry.
c2acb78c-41de-51ae-80b1-891f2548b122,hotpot_5a8753d95542994846c1cd63_John Updike,hotpotqa,John Updike,published,art and literary criticism,0.85,SUPPORTED,The passage directly states that Updike published art and literary criticism.
b2f67ef1-3fbe-5936-afff-1248e45dae3e,hotpot_5a8753d95542994846c1cd63_John Updike,hotpotqa,John Updike,published,children's books,0.85,UNSUPPORTED,The passage does not mention John Updike publishing children's books.
a0191423-3612-53fe-b836-87873214df29,hotpot_5a8753d95542994846c1cd63_Tom Clancy,hotpotqa,Tom Clancy,died_on,"October 1, 2013",0.85,SUPPORTED,The passage explicitly states Tom Clancy's date of death.
3b2bb127-3631-5560-a4dd-4701600c384f,hotpot_5a8753d95542994846c1cd63_Tom Clancy,hotpotqa,Tom Clancy,nationality,American,0.85,SUPPORTED,The passage directly states Tom Clancy's nationality as American.
3281d0cc-9d10-57ad-9e87-3b9f5e07231d,hotpot_5a8753d95542994846c1cd63_Tom Clancy,hotpotqa,Tom Clancy,known_for,technically detailed espionage and military-science story lines,0.85,SUPPORTED,The passage directly states that Tom Clancy was known for technically detailed espionage and military-science story lines.
80305452-dab2-52dc-8b51-ac5b4574769e,hotpot_5a8753d95542994846c1cd63_Tom Clancy,hotpotqa,Tom Clancy,best_selling_novels,17,0.85,SUPPORTED,The passage directly states that Tom Clancy had 17 best-selling novels.
03f44b17-b916-5f1d-a70f-1243b8a63182,hotpot_5a8753d95542994846c1cd63_Tom Clancy,hotpotqa,Tom Clancy,books_in_print,more than 100 million copies,0.85,SUPPORTED,The passage directly states that more than 100 million copies of Tom Clancy's books are in print.
46790689-4e47-5360-a2eb-86cb2eb96f69,hotpot_5a8753d95542994846c1cd63_Tom Clancy,hotpotqa,Tom Clancy,part_owner_of,Baltimore Orioles,0.85,SUPPORTED,The passage explicitly states that Tom Clancy was a part-owner of the Baltimore Orioles.
a8f91957-7d56-502d-845e-433f1e51d970,hotpot_5a8753d95542994846c1cd63_Tom Clancy,hotpotqa,Tom Clancy,vice_chairman_of,community activities and public affairs committees,0.85,SUPPORTED,The passage directly states Tom Clancy's role as vice-chairman of the community activities and public affairs committees.
774c536d-6381-54c7-af10-1511825b3a53,hotpot_5ab97d0a5542996be202051e_Benedict Arnold,hotpotqa,Benedict Arnold,was_a_general_during,American Revolutionary War,0.85,SUPPORTED,The passage directly states that Benedict Arnold was a general during the American Revolutionary War.
816dd2b8-e327-5715-878b-34a58e988899,hotpot_5ab97d0a5542996be202051e_Benedict Arnold,hotpotqa,Benedict Arnold,fought_for,American Continental Army,0.85,SUPPORTED,The passage directly states that Benedict Arnold fought for the American Continental Army.
18e768bf-71e7-5aad-ba3a-a5a77e4664b6,hotpot_5ab97d0a5542996be202051e_Benedict Arnold,hotpotqa,Benedict Arnold,later_defected_to,British Army,0.85,SUPPORTED,The passage explicitly states that Benedict Arnold defected to the British Army.
c5d04d94-973d-5712-b06c-30b466dd131a,hotpot_5ab97d0a5542996be202051e_Benedict Arnold,hotpotqa,Benedict Arnold,planned_to_surrender,British forces,0.85,SUPPORTED,The passage directly states that Benedict Arnold planned to surrender the fortifications to British forces.
e4d12d6b-ab66-5fe6-ab08-d572edf41013,hotpot_5ab97d0a5542996be202051e_Benedict Arnold,hotpotqa,Benedict Arnold,was_commissioned_into,British Army as a brigadier general,0.85,SUPPORTED,The passage directly states that Benedict Arnold was commissioned into the British Army as a brigadier general.
aab597ea-b6e6-5c88-828b-8cf2300c761b,hotpot_5ab97d0a5542996be202051e_John André,hotpotqa,John André,born_on,2 May 1750,0.85,SUPPORTED,The passage explicitly states John André's birthdate.
2137cdab-d365-5630-be69-7a1e5a6ec5a9,hotpot_5ab97d0a5542996be202051e_John André,hotpotqa,John André,died_on,2 October 1780,0.85,SUPPORTED,The passage directly states John André's date of death.
797b6cd6-76c9-5aa3-ad31-72871e9f737c,hotpot_5ab97d0a5542996be202051e_John André,hotpotqa,John André,was,a British Army officer,0.85,SUPPORTED,The passage directly states that John André was a British Army officer.
1a754884-2dd4-5de3-8227-1a7887db7c31,hotpot_5ab97d0a5542996be202051e_John André,hotpotqa,John André,hanged_as,a spy,0.85,SUPPORTED,The passage directly states that John André was hanged as a spy.
44122801-1b5e-52e7-b0f9-a39e958ea1d7,hotpot_5ab97d0a5542996be202051e_John André,hotpotqa,John André,hanged_by,the Continental Army,0.85,SUPPORTED,The passage directly states that John André was hanged by the Continental Army.
eb072411-5b53-5985-aea6-61b2aa0650be,hotpot_5adef1b35542993a75d263af_Ethel Houbiers,hotpotqa,Ethel Houbiers,is,a French voice actress,0.85,SUPPORTED,The passage directly states that Ethel Houbiers is a French voice actress.
78bfc53f-f74c-5b84-9a91-8b5d9dd27228,hotpot_5adef1b35542993a75d263af_Ethel Houbiers,hotpotqa,Ethel Houbiers,is_the_french_voice_of,Penélope Cruz,0.85,SUPPORTED,The passage directly states that Ethel Houbiers is the French voice of Penélope Cruz.
c121f5ff-103e-57e4-9f7e-ff133126d99f,hotpot_5adef1b35542993a75d263af_Ethel Houbiers,hotpotqa,Ethel Houbiers,is_the_french_voice_of,Salma Hayek,0.85,ENTITY_ERROR,"The passage states that Ethel Houbiers is the French voice of Salma Hayek, not the other way around."
f47198ee-7dbe-503b-9476-5f3cd9690742,hotpot_5adef1b35542993a75d263af_Salma Hayek,hotpotqa,Salma Hayek,born_on,"September 2, 1966",0.85,SUPPORTED,The passage explicitly states Salma Hayek's birthdate.
045d75ce-e87e-5ada-8fe6-483048bcb20f,hotpot_5adef1b35542993a75d263af_Salma Hayek,hotpotqa,Salma Hayek,nationality,Mexican,0.85,SUPPORTED,The passage explicitly states Salma Hayek's nationality as Mexican.
029a5ba8-fe8e-532a-b388-f04f68ec9d16,hotpot_5adef1b35542993a75d263af_Salma Hayek,hotpotqa,Salma Hayek,nationality,American,0.85,SUPPORTED,The passage explicitly states Salma Hayek's nationality as American.
bee847d9-d8d1-50c1-a16b-2463c458d6b4,hotpot_5adef1b35542993a75d263af_Salma Hayek,hotpotqa,Salma Hayek,occupation,film actress,0.85,SUPPORTED,The passage explicitly states Salma Hayek's occupation as a film actress.
7e6f4fe4-a533-551f-937d-0f89875157a5,hotpot_5adef1b35542993a75d263af_Salma Hayek,hotpotqa,Salma Hayek,occupation,producer,0.85,SUPPORTED,The passage explicitly states that Salma Hayek is a producer.
8aa75eca-2e6e-577f-afe2-365e5db3291f,hotpot_5adef1b35542993a75d263af_Salma Hayek,hotpotqa,Salma Hayek,occupation,former model,0.85,SUPPORTED,The passage explicitly states that Salma Hayek is a former model.
e601c933-8749-557c-8435-748a589a0bd1,hotpot_5adef1b35542993a75d263af_Salma Hayek,hotpotqa,Salma Hayek,starred_in,Teresa,0.85,SUPPORTED,The passage explicitly states that Salma Hayek starred in the telenovela 'Teresa'.
dc30ef9d-db40-5ebf-8cfe-779d9a990357,hotpot_5adef1b35542993a75d263af_Salma Hayek,hotpotqa,Salma Hayek,starred_in,El Callejón de los Milagros,0.85,SUPPORTED,The passage explicitly states that Salma Hayek starred in 'El Callejón de los Milagros'.
a8f0b6a2-5a78-5684-95c1-10ef95d33a5e,hotpot_5adef1b35542993a75d263af_Salma Hayek,hotpotqa,Salma Hayek,nominated_for,Ariel Award,0.85,SUPPORTED,The passage explicitly states that Salma Hayek was nominated for an Ariel Award.
5a93b6d0-e58f-5826-9061-a8999791fd79,hotpot_5adef1b35542993a75d263af_Salma Hayek,hotpotqa,Salma Hayek,moved_to,Hollywood,0.85,SUPPORTED,The passage explicitly states that Salma Hayek moved to Hollywood in 1991.
45ce2e53-d68c-5783-8687-09a8990d73a7,hotpot_5adef1b35542993a75d263af_Salma Hayek,hotpotqa,Salma Hayek,came_to_prominence,Desperado,0.85,UNSUPPORTED,The passage does not mention Salma Hayek coming to prominence with the movie 'Desperado' as the specific example.
d121b8e8-a4c6-5fae-9da3-2af0c7ba3c1b,hotpot_5adef1b35542993a75d263af_Salma Hayek,hotpotqa,Salma Hayek,starred_in,Desperado,0.85,UNSUPPORTED,"The passage does not mention Salma Hayek starring in 'Desperado' as the specific fact, only listing it as one of her movies."
4aeeba73-4b6c-514a-9b01-394cbbdbe7c1,hotpot_5adef1b35542993a75d263af_Salma Hayek,hotpotqa,Salma Hayek,starred_in,From Dusk Till Dawn,0.85,UNSUPPORTED,The passage does not mention Salma Hayek starring in 'From Dusk Till Dawn'.
b6ba7f73-3d17-5282-aaee-0fcdfa9adfdc,hotpot_5adef1b35542993a75d263af_Salma Hayek,hotpotqa,Salma Hayek,starred_in,Dogma,0.85,SUPPORTED,The passage explicitly mentions Salma Hayek's role in the movie 'Dogma'.
e661a4da-e107-51d7-bdb7-94236769da03,hotpot_5adef1b35542993a75d263af_Salma Hayek,hotpotqa,Salma Hayek,starred_in,Wild Wild West,0.85,SUPPORTED,The passage explicitly mentions Salma Hayek's role in 'Wild Wild West'.
ef964468-5a69-5051-8a5e-02fe4ba13920,hotpot_5a73b55855429978a71e9086_Gatwick Airport,hotpotqa,Gatwick Airport,also_known_as,London Gatwick,0.85,SUPPORTED,The passage explicitly states that Gatwick Airport is also known as London Gatwick.
3e527a91-ce2e-5649-a60d-17e46c74dcad,hotpot_5a73b55855429978a71e9086_Gatwick Airport,hotpotqa,Gatwick Airport,iata_code,LGW,0.85,SUPPORTED,The passage explicitly states Gatwick Airport's IATA code as LGW.
c8fbfa05-a2dc-5fa7-94ed-04f7ba47909d,hotpot_5a73b55855429978a71e9086_Gatwick Airport,hotpotqa,Gatwick Airport,icao_code,EGKK,0.85,SUPPORTED,The passage explicitly states Gatwick Airport's ICAO code as EGKK.
d3a5d64c-b323-5fb1-85b9-a99a7c4f35ec,hotpot_5a73b55855429978a71e9086_Gatwick Airport,hotpotqa,Gatwick Airport,location,south-east England,0.85,SUPPORTED,The passage directly states that Gatwick Airport is located in south-east England.
9a05c849-69d5-562a-9fba-cb75dcf116d6,hotpot_5a73b55855429978a71e9086_Gatwick Airport,hotpotqa,Gatwick Airport,distance_from,Central London,0.85,SUPPORTED,The passage explicitly states the distance of Gatwick Airport from Central London.
39249a31-edbb-570f-801c-85f3858bc41c,hotpot_5a73b55855429978a71e9086_Gatwick Airport,hotpotqa,Gatwick Airport,distance_from,Crawley,0.85,SUPPORTED,The passage explicitly states that Gatwick Airport is 2.7 NM north of Crawley.
c6ba4e44-f98a-543b-9547-71eeb0db27ea,hotpot_5a73b55855429978a71e9086_Gatwick Airport,hotpotqa,Gatwick Airport,rank_by_total_passenger_traffic,second-busiest in the United Kingdom,0.85,SUPPORTED,The passage directly states that Gatwick Airport is the second-busiest airport in the United Kingdom by total passenger traffic.
dcaed9f9-4bfe-5980-b7c0-3a17b096ab4e,hotpot_5a73b55855429978a71e9086_Gatwick Airport,hotpotqa,Gatwick Airport,rank_by_total_passenger_traffic,eighth-busiest in Europe,0.85,SUPPORTED,The passage directly states that Gatwick Airport is the eighth-busiest airport in Europe.
33e60c05-80da-5ae1-b851-3e34ead1f5cd,hotpot_5a73b55855429978a71e9086_Gatwick Airport,hotpotqa,Gatwick Airport,previous_record,busiest single-use runway airport in the world,0.85,SUPPORTED,The passage directly states that Gatwick Airport was the busiest single-use runway airport in the world until 2016.
95765602-f474-57cd-a620-681252824c14,hotpot_5a73b55855429978a71e9086_Croydon Airport,hotpotqa,Croydon Airport,located_in,South London,0.85,SUPPORTED,The passage directly states that Croydon Airport was located in South London.
d6a24869-71b2-5b7e-9a5e-0a036b888fef,hotpot_5a73b55855429978a71e9086_Croydon Airport,hotpotqa,Croydon Airport,was_main_airport_for,London,0.85,ENTITY_ERROR,"The passage refers to 'London' as a location, but the triplet uses 'London' as a city, which is not explicitly stated in the passage."
3c959153-ac59-54e8-9e3c-0503e85fd383,hotpot_5a73b55855429978a71e9086_Croydon Airport,hotpotqa,The terminal building and entrance lodge,are,Grade II listed buildings,0.85,SUPPORTED,The passage directly states that the terminal building and entrance lodge are Grade II listed buildings.
de2ea060-ba3a-53b1-80af-6fe9550e1042,hotpot_5ae80919554299540e5a56f6_Cairnburgh Castle,hotpotqa,Cairnburgh Castle,is_a,ruined castle,0.85,SUPPORTED,The passage directly states that Cairnburgh Castle is a ruined castle.
3361613a-8f05-5563-8c45-60367293d9b2,hotpot_5ae80919554299540e5a56f6_Cairnburgh Castle,hotpotqa,Cairnburgh Castle,located_on,Cairn na Burgh Mòr and Cairn na Burgh Beag,0.85,SUPPORTED,The passage directly states that Cairnburgh Castle is located on Cairn na Burgh Mòr and Cairn na Burgh Beag.
f96a30d5-ca06-5e1c-b346-66f59f9ac114,hotpot_5ae80919554299540e5a56f6_Cairnburgh Castle,hotpotqa,Cairn na Burgh Mòr and Cairn na Burgh Beag,part_of,"Argyll and Bute, Scotland",0.85,ENTITY_ERROR,"The passage refers to 'Cairnburgh Castle' and the islands 'Cairn na Burgh Mòr and Cairn na Burgh Beag', but the triplet uses the island names as the subject."
4b59b723-2329-5a48-8ad1-1f6cd0b8adc9,hotpot_5ae80919554299540e5a56f6_Cairnburgh Castle,hotpotqa,Cairn na Burgh Mòr and Cairn na Burgh Beag,located_at,northern_extremity_of_Treshnish_Isles,0.85,SUPPORTED,"The passage directly states that Cairnburgh Castle is located on the islands of Cairn na Burgh Mòr and Cairn na Burgh Beag, which implies they are located at the northern extremity of the Treshnish Isles."
2258dcdb-525a-58b0-a251-1b60adfdbe3b,hotpot_5ae80919554299540e5a56f6_Cairnburgh Castle,hotpotqa,Treshnish Isles,at_the_mouth_of,"Loch Tuath, Mull north of Iona",0.85,SUPPORTED,"The passage directly states that the Treshnish Isles are at the mouth of Loch Tuath, Mull north of Iona."
8afa4d56-63e7-56cf-a144-4653e20beafb,hotpot_5ae80919554299540e5a56f6_Cairnburgh Castle,hotpotqa,Cairnburgh Castle,characterized_as,one_of_the_most_isolated_fortifications_in_Britain,0.85,SUPPORTED,The passage directly states that Cairnburgh Castle is one of the most isolated fortifications in Britain.
19ada7d5-1102-59d8-a8b8-e470d07db483,hotpot_5ae80919554299540e5a56f6_Cairnburgh Castle,hotpotqa,Cairnburgh Castle,also_characterized_as,one_of_the_strangest,0.85,SUPPORTED,The passage directly states that Cairnburgh Castle is also one of the strangest fortifications in Britain.
185ff6fd-ef0e-591d-8d0f-348de0f8ce7e,hotpot_5ae80919554299540e5a56f6_Isabella Kelly,hotpotqa,Isabella Kelly,née,Fordyce,0.85,SUPPORTED,The passage explicitly states Isabella Kelly's maiden name as Fordyce.
5cd9123d-86b4-58aa-8b4d-fb758d395d8e,hotpot_5ae80919554299540e5a56f6_Isabella Kelly,hotpotqa,Isabella Kelly,also_known_as,Isabella Hedgeland,0.85,SUPPORTED,The passage explicitly mentions Isabella Kelly also being known as Isabella Hedgeland.
21011c17-7e61-555f-b873-50d56ced93b4,hotpot_5ae80919554299540e5a56f6_Isabella Kelly,hotpotqa,Isabella Kelly,born_in,Cairnburgh Castle,0.85,SUPPORTED,The passage directly states that Isabella Kelly was born at Cairnburgh Castle.
9fa85fff-eb8c-5f72-a8b5-be2f977f797a,hotpot_5ae80919554299540e5a56f6_Isabella Kelly,hotpotqa,Isabella Kelly,born_in,Scottish Highlands,0.85,SUPPORTED,The passage directly states that Isabella Kelly was born in the Scottish Highlands.
91d2db9e-bd8f-5dfb-9406-41cf5d7109da,hotpot_5ae80919554299540e5a56f6_Isabella Kelly,hotpotqa,Isabella Kelly,died_on,25 June 1857,0.85,SUPPORTED,The passage directly states that Isabella Kelly died on 25 June 1857.
127242d0-53d8-5780-b517-d1bff000feb9,hotpot_5ae80919554299540e5a56f6_Isabella Kelly,hotpotqa,Isabella Kelly,died_in,London,0.85,SUPPORTED,The passage directly states that Isabella Kelly died in London.
0986a1b0-e185-5921-b5ae-658a718450d3,hotpot_5ae80919554299540e5a56f6_Isabella Kelly,hotpotqa,Isabella Kelly,nationality,Scottish,0.85,SUPPORTED,The passage directly states Isabella Kelly's nationality as Scottish.
28a239e9-2112-5470-9144-5b6318cfc218,hotpot_5ae80919554299540e5a56f6_Isabella Kelly,hotpotqa,Isabella Kelly,occupation,novelist,0.85,SUPPORTED,The passage directly states that Isabella Kelly was a novelist.
6a07b398-5cf4-55ff-b0f6-701f266aebe4,hotpot_5ae80919554299540e5a56f6_Isabella Kelly,hotpotqa,Isabella Kelly,occupation,poet,0.85,SUPPORTED,The passage explicitly states that Isabella Kelly was a poet.
8ae80e85-8820-5802-978d-b1470f8e1248,hotpot_5ae361605542994393b9e69b_Naval Submarine Base New London,hotpotqa,Naval Submarine Base New London,is_the,United States Navy's_primary_East_Coast_submarine_base,0.85,SUPPORTED,The passage directly states that Naval Submarine Base New London is the United States Navy's primary East Coast submarine base.
262bcb48-7621-596a-9fb0-7d94b5c9f422,hotpot_5ae361605542994393b9e69b_Naval Submarine Base New London,hotpotqa,Naval Submarine Base New London,also_known_as,The_Home_of_the_Submarine_Force,0.85,SUPPORTED,The passage directly states the base is also known as 'The Home of the Submarine Force'.
e636c8e4-16d3-5a91-b21d-fb99de4ad52a,hotpot_5ae361605542994393b9e69b_Naval Submarine Base New London,hotpotqa,Naval Submarine Base New London,located_in,"Groton, Connecticut",0.85,SUPPORTED,"The passage directly states the base is located in Groton, Connecticut."
9a4a8532-6a41-548a-890f-e82dcd5f8f8c,hotpot_5ae361605542994393b9e69b_Robert Croft (diver),hotpotqa,Robert Croft,is_a,free-diver,0.85,SUPPORTED,The passage directly states that Robert Croft is a free-diver.
db23c0b2-5852-5a0a-a3fc-81c73a42866a,hotpot_5ae361605542994393b9e69b_Robert Croft (diver),hotpotqa,Robert Croft,became_first_to,free-dive_beyond_depth_of_200_feet_in_1967,0.85,SUPPORTED,The passage directly states that Robert Croft became the first person to free-dive beyond the depth of 200 feet in 1967.
f6d7e791-07e2-5e37-8fef-d4a7bb9f1bfa,hotpot_5ae361605542994393b9e69b_Robert Croft (diver),hotpotqa,Robert Croft,was,US_Navy_diving_instructor_in_1962,0.85,ENTITY_ERROR,"The passage states Robert Croft was a US Navy diving instructor in 1962, but the extracted triplet incorrectly includes 'in 1962' as part of the object name."
013e0bb4-506f-51d4-ba29-8072a64d2c0a,hotpot_5ae361605542994393b9e69b_Robert Croft (diver),hotpotqa,Robert Croft,worked_at,US_Naval_Submarine_Base_New_London_submarine_school_in_Groton_Connecticut,0.85,ENTITY_ERROR,"The passage mentions 'US Naval Submarine Base New London submarine school in Groton, Connecticut' as a location where Robert Croft was a US Navy diving instructor, but the extracted object is a more specific and detailed version of this location."
389bd1b4-f1b6-5592-a489-a5c4001bc9aa,hotpot_5ae361605542994393b9e69b_Robert Croft (diver),hotpotqa,instructors_at_submarine_escape_training_tank,train,prospective_submariners_how_to_escape_from_disabled_submarine,0.85,SUPPORTED,The passage directly states that instructors train prospective submariners how to escape from a disabled submarine.
522a0bfa-4554-5f5b-a5e0-2d672570d865,hotpot_5ac3a76e554299741d48a2be_With or Without You,hotpotqa,With or Without You,is_song_by,U2,0.85,SUPPORTED,The passage directly states that 'With or Without You' is a song by U2.
20f6bd03-048c-543d-89e2-f3f7e92478bb,hotpot_5ac3a76e554299741d48a2be_With or Without You,hotpotqa,With or Without You,third_track_on,The Joshua Tree,0.85,SUPPORTED,The passage directly states that 'With or Without You' is the third track on 'The Joshua Tree'.
97267c61-b335-5250-8037-d466b690d86e,hotpot_5ac3a76e554299741d48a2be_With or Without You,hotpotqa,With or Without You,most_successful_single_of,U2,0.85,SUPPORTED,The passage directly states that 'With or Without You' was U2's most successful single at the time.
52fa17f8-efff-5faf-848f-bae8b3b23584,hotpot_5ac3a76e554299741d48a2be_With or Without You,hotpotqa,With or Without You,number_one_hit_in,United States,0.85,UNSUPPORTED,"The passage does not mention 'number_one_hit_in' as a relationship, but rather mentions the song was the group's first number-one hit."
ad3d8c52-b221-5db5-909a-dc53d51efd07,hotpot_5ac3a76e554299741d48a2be_With or Without You,hotpotqa,With or Without You,number_one_hit_in,Canada,0.85,SUPPORTED,The passage directly states that 'With or Without You' was the group's first number-one hit in Canada.
551ce0e5-d7f5-5232-8ff3-0efe7696612e,hotpot_5ac3a76e554299741d48a2be_With or Without You,hotpotqa,With or Without You,topped,RPM national singles chart,0.85,SUPPORTED,The passage directly states that the song topped the RPM national singles chart for one week.
1fb5c520-17e1-57b8-8561-a3742ef6fbb8,hotpot_5ac3a76e554299741d48a2be_Believe (Jai McDowall album),hotpotqa,Believe,debut_studio_album_by,Jai McDowall,0.85,SUPPORTED,The passage directly states that Believe is Jai McDowall's debut studio album.
a56667b8-0c86-5735-b5d3-94d8e1deeef3,hotpot_5ac3a76e554299741d48a2be_Believe (Jai McDowall album),hotpotqa,Believe,released_by,Sony Music,0.85,SUPPORTED,The passage explicitly states that the album 'Believe' was released by Sony Music.
32256cc6-62a9-57b1-9faa-001cc12849fd,hotpot_5ac3a76e554299741d48a2be_Believe (Jai McDowall album),hotpotqa,Believe,released_by,Syco Music,0.85,SUPPORTED,The passage explicitly states that the album 'Believe' was released by Syco Music.
9f6785c3-c698-597b-b657-bd23c540c916,hotpot_5ac3a76e554299741d48a2be_Believe (Jai McDowall album),hotpotqa,With or Without You,promotional_single_for,Believe,0.85,SUPPORTED,The passage directly states that 'With or Without You' is a promotional single for 'Believe'.
44906105-8bdd-566f-90d2-87c8a957b303,hotpot_5ac3a76e554299741d48a2be_Believe (Jai McDowall album),hotpotqa,With or Without You,performed_on,Daybreak,0.85,SUPPORTED,The passage directly states that 'With or Without You' was performed on 'Daybreak'.
3f151b96-71e0-5def-b37a-8001a6328c24,hotpot_5a7557d75542992d0ec05f68_Laurie Metcalf,hotpotqa,Laurie Metcalf,born_on,"June 16, 1955",0.85,SUPPORTED,The passage explicitly states Laurie Metcalf's birthdate.
2fe779f0-ef77-5bd3-a842-65fadd7c4b9e,hotpot_5a7557d75542992d0ec05f68_Laurie Metcalf,hotpotqa,Laurie Metcalf,nationality,American,0.85,SUPPORTED,The passage explicitly states Laurie Metcalf's nationality as American.
bb5c693e-802d-5407-be63-5de548b1dfc2,hotpot_5a7557d75542992d0ec05f68_Laurie Metcalf,hotpotqa,Laurie Metcalf,known_for,television roles,0.85,SUPPORTED,The passage explicitly states that Laurie Metcalf is known for her television roles.
a39be817-4582-5cfa-9ad9-e09cc23f3ed9,hotpot_5a7557d75542992d0ec05f68_Laurie Metcalf,hotpotqa,Laurie Metcalf,played_role,Jackie Harris,0.85,SUPPORTED,The passage explicitly states Laurie Metcalf played the role of Jackie Harris on the ABC sitcom 'Roseanne'.
972cc406-f650-5a20-a1dd-e9e550e588cd,hotpot_5a7557d75542992d0ec05f68_Laurie Metcalf,hotpotqa,Laurie Metcalf,played_role,Carolyn Bigsby,0.85,SUPPORTED,The passage explicitly mentions Laurie Metcalf's role as Carolyn Bigsby on 'Desperate Housewives'.
afb0c3aa-f51b-5f79-9695-7b7c0e445e7a,hotpot_5a7557d75542992d0ec05f68_Laurie Metcalf,hotpotqa,Laurie Metcalf,played_role,Mary Cooper,0.85,SUPPORTED,The passage explicitly mentions Laurie Metcalf's recurring role as Mary Cooper on 'The Big Bang Theory'.
b24f4c71-e92c-593a-b134-bb5c831f540f,hotpot_5a7557d75542992d0ec05f68_Laurie Metcalf,hotpotqa,Laurie Metcalf,played_role,Dr. Jenna James,0.85,UNSUPPORTED,The passage does not mention Laurie Metcalf playing the role of Dr. Jenna James.
9df790b9-0112-59e1-ba17-0395005311cf,hotpot_5a7557d75542992d0ec05f68_Laurie Metcalf,hotpotqa,Laurie Metcalf,played_role,Marjorie McCarthy,0.85,SUPPORTED,The passage explicitly mentions Laurie Metcalf's role as Marjorie McCarthy in 'The McCarthys'.
3af4db0e-055e-5f5e-8559-6242b1532d0b,hotpot_5a7557d75542992d0ec05f68_Laurie Metcalf,hotpotqa,Laurie Metcalf,voiced_role,Mrs. Davis,0.85,SUPPORTED,The passage explicitly states that Laurie Metcalf voiced the role of Mrs. Davis in the 'Toy Story' film series.
a4370bbc-ba16-5294-9003-007020077332,hotpot_5a7557d75542992d0ec05f68_Laurie Metcalf,hotpotqa,Laurie Metcalf,appeared_in_film,Making Mr. Right,0.85,SUPPORTED,The passage explicitly mentions Laurie Metcalf's appearance in 'Making Mr. Right'.
51488796-5877-50c8-84c7-85d5678f7f73,hotpot_5a7557d75542992d0ec05f68_Laurie Metcalf,hotpotqa,Laurie Metcalf,appeared_in_film,JFK,0.85,SUPPORTED,The passage explicitly mentions Laurie Metcalf's appearance in the film 'JFK'.
fbe4286b-111d-5ea7-8b55-f3cf3b6dc3bf,hotpot_5a7557d75542992d0ec05f68_Laurie Metcalf,hotpotqa,Laurie Metcalf,appeared_in_film,Mistress,0.85,SUPPORTED,The passage explicitly mentions Laurie Metcalf's appearance in the film 'Mistress'.
52f95dbb-ba72-5438-9936-34cae9ae2d18,hotpot_5a7557d75542992d0ec05f68_Laurie Metcalf,hotpotqa,Laurie Metcalf,appeared_in_film,Scream 2,0.85,SUPPORTED,The passage explicitly mentions Laurie Metcalf's appearance in 'Scream 2'.
7cf3ad40-359d-5e5b-b323-5c37e33429cc,hotpot_5a7557d75542992d0ec05f68_Laurie Metcalf,hotpotqa,Laurie Metcalf,appeared_in_commercials,Plan USA,0.85,SUPPORTED,The passage explicitly mentions Laurie Metcalf appearing in commercials for Plan USA.
e81de348-a86a-5168-a113-00112e5730e7,hotpot_5a7557d75542992d0ec05f68_Scream 2,hotpotqa,Scream 2,released_in,1997,0.85,SUPPORTED,The passage explicitly states that Scream 2 was released in 1997.
c5e559f4-594d-5076-ba9c-dc4385f03a3a,hotpot_5a7557d75542992d0ec05f68_Scream 2,hotpotqa,Scream 2,genre,slasher,0.85,SUPPORTED,The passage directly states that Scream 2 is a slasher film.
c07104fb-bf25-51d0-bc62-c7e8395203b6,hotpot_5a7557d75542992d0ec05f68_Scream 2,hotpotqa,Scream 2,directed_by,Wes Craven,0.85,SUPPORTED,The passage directly states that Scream 2 was directed by Wes Craven.
fe0cde2d-e374-5fc3-b8ef-003f95a8a04e,hotpot_5a7557d75542992d0ec05f68_Scream 2,hotpotqa,Scream 2,written_by,Kevin Williamson,0.85,SUPPORTED,The passage directly states that Scream 2 was written by Kevin Williamson.
7d4c65aa-711c-5e31-bcbe-6260a8f1e3df,hotpot_5a7557d75542992d0ec05f68_Scream 2,hotpotqa,David Arquette,appeared_in_film,Scream 2,0.85,SUPPORTED,The passage directly states that David Arquette appeared in Scream 2.
1b6bddc9-8c35-5bee-a735-0cb778d25590,hotpot_5a7557d75542992d0ec05f68_Scream 2,hotpotqa,Neve Campbell,appeared_in_film,Scream 2,0.85,SUPPORTED,The passage explicitly states that Neve Campbell appeared in Scream 2.
3401a23c-d390-505f-a046-f9efc2f6458d,hotpot_5a7557d75542992d0ec05f68_Scream 2,hotpotqa,Courteney Cox,appeared_in_film,Scream 2,0.85,SUPPORTED,The passage explicitly states Courteney Cox appeared in Scream 2.
91acd788-b23f-57c0-8374-958e147c3c70,hotpot_5a7557d75542992d0ec05f68_Scream 2,hotpotqa,Sarah Michelle Gellar,appeared_in_film,Scream 2,0.85,SUPPORTED,The passage explicitly states that Sarah Michelle Gellar appeared in Scream 2.
6303f440-b6a5-5c0f-b8eb-8269de1dab8e,hotpot_5a7557d75542992d0ec05f68_Scream 2,hotpotqa,Jamie Kennedy,appeared_in_film,Scream 2,0.85,SUPPORTED,The passage explicitly mentions Jamie Kennedy as a star in Scream 2.
7f9197d4-ab73-5ba1-b952-8553e5cf8616,hotpot_5a7557d75542992d0ec05f68_Scream 2,hotpotqa,Laurie Metcalf,appeared_in_film,Scream 2,0.85,SUPPORTED,The passage directly states that Laurie Metcalf appeared in Scream 2.
94e2599d-5f87-5b4b-93d8-db69599fd754,hotpot_5a7557d75542992d0ec05f68_Scream 2,hotpotqa,Jerry O'Connell,appeared_in_film,Scream 2,0.85,SUPPORTED,The passage directly states that Jerry O'Connell appeared in Scream 2.
2794ae47-2fa1-5a1e-a3c1-054c8ba9afb9,hotpot_5a7557d75542992d0ec05f68_Scream 2,hotpotqa,Jada Pinkett,appeared_in_film,Scream 2,0.85,SUPPORTED,The passage explicitly mentions Jada Pinkett in the cast of Scream 2.
cb6ff309-a622-53b4-94c7-a34e7a9ab0e2,hotpot_5a7557d75542992d0ec05f68_Scream 2,hotpotqa,Liev Schreiber,appeared_in_film,Scream 2,0.85,SUPPORTED,The passage directly states that Liev Schreiber appeared in Scream 2.
43c9febe-8233-5eab-b2c5-683b4158eb95,hotpot_5a8d12ca5542994ba4e3dbe2_Fly540,hotpotqa,Fly540,commenced_operations,2006,0.85,SUPPORTED,The passage directly states that Fly540 commenced operations in 2006.
ed84b05a-3544-5626-8b99-3ec3d7c88250,hotpot_5a8d12ca5542994ba4e3dbe2_Fly540,hotpotqa,Fly540,operates,domestic and international passenger and freight services,0.85,SUPPORTED,The passage directly states that Fly540 operates domestic and international passenger and freight services.
35c65aec-73fd-5493-9ff2-6af23dfc63e5,hotpot_5a8d12ca5542994ba4e3dbe2_Fly540,hotpotqa,Fly540,had_subsidiary,Fly540 Ghana,0.85,SUPPORTED,The passage explicitly mentions Fly540 Ghana as a subsidiary airline.
dd3d7cca-01dd-5f15-a805-263d3afcf244,hotpot_5a8d12ca5542994ba4e3dbe2_Fly540,hotpotqa,Fly540 Ghana,suspended,May 2014,0.85,SUPPORTED,The passage directly states that Fly540 Ghana was suspended in May 2014.
cd061a9c-4eae-55a8-ae74-5b484e5ee668,hotpot_5a8d12ca5542994ba4e3dbe2_Fly540,hotpotqa,Fly540 Ghana,sold,unknown,0.85,ENTITY_ERROR,"The passage states that Fly540 Ghana was 'suspended' and 'sold', but the triplet only mentions 'sold'."
6f5a9181-f46b-55ce-8969-d39fd32a05f1,hotpot_5a8d12ca5542994ba4e3dbe2_Fly540,hotpotqa,Fly540,had_subsidiary,Fly540 Angola,0.85,ENTITY_ERROR,"The passage mentions Fly540 Angola as being suspended in May 2014, not as a subsidiary of Fly540."
b02da579-951d-5766-b0c2-8ba7dd71c377,hotpot_5a8d12ca5542994ba4e3dbe2_Fly540,hotpotqa,Fly540 Angola,suspended,May 2014,0.85,SUPPORTED,The passage directly states that Fly540 Angola was suspended in May 2014.
d3b75f7e-1642-58a8-a7a0-77c7c0ef61bf,hotpot_5a8d12ca5542994ba4e3dbe2_Fly540,hotpotqa,Fly540,focused_business_expansion,East Africa,0.85,UNSUPPORTED,"The passage does not mention Fly540 focusing its business expansion plans on East Africa, it only mentions focusing on East Africa in general."
af4f406f-58fd-52c9-b428-c193c75a6caa,hotpot_5a8d12ca5542994ba4e3dbe2_Fastjet Tanzania,hotpotqa,Fastjet Tanzania,operates_flights_under,fastjet brand,0.85,SUPPORTED,The passage directly states that Fastjet Tanzania operates flights under the fastjet brand.
ba387eb2-d9b5-58ae-9799-a92229e90f87,hotpot_5a8d12ca5542994ba4e3dbe2_Fastjet Tanzania,hotpotqa,Fastjet Tanzania,based_in,Dar es Salaam,0.85,SUPPORTED,The passage explicitly states that Fastjet Tanzania is based in Dar es Salaam.
ee6cae11-113d-5774-b54e-bf19d0af3101,hotpot_5a8d12ca5542994ba4e3dbe2_Fastjet Tanzania,hotpotqa,Fastjet Tanzania,carried,"350,000 passengers",0.85,SUPPORTED,"The passage directly states that Fastjet Tanzania carried 350,000 passengers in its first year of operations."
99776961-6adf-5063-b7a5-0af9d0d74f8f,hotpot_5a8d12ca5542994ba4e3dbe2_Fastjet Tanzania,hotpotqa,Fastjet Tanzania,sold,one million seats,0.85,SUPPORTED,The passage directly states that Fastjet Tanzania sold one million seats by December 2014.
17f43bb9-8fe2-598d-93e8-39a636249bbd,hotpot_5ab7f6d35542993667794070_Experimental hip hop,hotpotqa,Experimental hip hop,is_a_genre_of,hip hop,0.85,SUPPORTED,The passage directly states that experimental hip hop is a genre of hip hop.
555116c8-5eea-547e-8266-18a0ba8c15ed,hotpot_5ab7f6d35542993667794070_Experimental hip hop,hotpotqa,Experimental hip hop,employs,structural_elements,0.85,SUPPORTED,The passage directly states that experimental hip hop employs unconventional structural elements.
6533e2c7-d0b1-5910-bb64-79f5e808cacc,hotpot_5ab7f6d35542993667794070_Experimental hip hop,hotpotqa,Experimental hip hop,typically_considered,unconventional,0.85,SUPPORTED,The passage directly states that experimental hip hop employs structural elements typically considered unconventional.
64b005f0-3d71-57c9-b938-bc1ace540fb7,hotpot_5ab7f6d35542993667794070_Experimental hip hop,hotpotqa,Experimental hip hop,incorporates,turntablism,0.85,SUPPORTED,The passage explicitly states that experimental hip hop incorporates turntablism.
773e587e-8cce-5ffe-8827-99d6bd1cba56,hotpot_5ab7f6d35542993667794070_Experimental hip hop,hotpotqa,Experimental hip hop,produced,electronically,0.85,SUPPORTED,The passage directly states that experimental hip hop is produced electronically.
7c7831bf-f020-59a2-bfa4-4d697b5fd37d,hotpot_5ab7f6d35542993667794070_Experimental hip hop,hotpotqa,Some artists,introduce,acoustic_elements,0.85,SUPPORTED,The passage directly states that some artists have introduced acoustic elements to the music.
589043f3-417a-5543-9680-8a554d867897,hotpot_5ab7f6d35542993667794070_Experimental hip hop,hotpotqa,Some artists,facilitate,live_performance,0.85,SUPPORTED,The passage directly states that some artists facilitate live performance.
b1cbb90f-61df-5006-b34e-a459e53d7809,hotpot_5ab7f6d35542993667794070_Cyclic Defrost,hotpotqa,Cyclic Defrost,is_an,Australian_specialist_electronic_music_magazine,0.85,SUPPORTED,The passage directly states that Cyclic Defrost is an Australian specialist electronic music magazine.
7f557aca-4045-5736-bdfc-036106473f3c,hotpot_5ab7f6d35542993667794070_Cyclic Defrost,hotpotqa,Cyclic Defrost,founded_by,Sebastian Chan,0.85,SUPPORTED,The passage directly states that Cyclic Defrost was founded by Sebastian Chan.
e3436fe4-9f9c-5b2e-b8cc-74f95da5a2f3,hotpot_5ab7f6d35542993667794070_Cyclic Defrost,hotpotqa,Cyclic Defrost,edited_by,Sebastian Chan,0.85,SUPPORTED,The passage explicitly states that Sebastian Chan founded and edited Cyclic Defrost.
6a14aae5-c3b0-516f-ab49-4288d5d2a72c,hotpot_5ab7f6d35542993667794070_Cyclic Defrost,hotpotqa,Sebastian Chan,founded,Cyclic Defrost,0.85,SUPPORTED,The passage directly states that Sebastian Chan founded Cyclic Defrost.
d36ea294-bbb2-5b89-82ba-c1b8cf8ca6da,hotpot_5ab7f6d35542993667794070_Cyclic Defrost,hotpotqa,Sebastian Chan,edited,Cyclic Defrost,0.85,SUPPORTED,The passage directly states that Sebastian Chan founded and edited Cyclic Defrost.
f70daa21-659d-5b9d-91e2-5754ae105aa2,hotpot_5ab7f6d35542993667794070_Cyclic Defrost,hotpotqa,Bob Baker Fish,current_editor_of,Cyclic Defrost,0.85,SUPPORTED,The passage explicitly states that Bob Baker Fish is a current editor of Cyclic Defrost.
d291793a-e499-56b2-8b82-92e30ad1f1ca,hotpot_5ab7f6d35542993667794070_Cyclic Defrost,hotpotqa,Chris Downton,current_editor_of,Cyclic Defrost,0.85,SUPPORTED,The passage explicitly states Chris Downton as a current editor of Cyclic Defrost.
0b980b39-74e8-5af3-aa5b-cff317a7cd0f,hotpot_5ab7f6d35542993667794070_Cyclic Defrost,hotpotqa,Peter Hollo,current_editor_of,Cyclic Defrost,0.85,SUPPORTED,The passage explicitly states Peter Hollo as a current editor of Cyclic Defrost.
0fa434a5-c8ff-52e1-ba3a-8af0f6e4a07a,hotpot_5ab7f6d35542993667794070_Cyclic Defrost,hotpotqa,Cyclic Defrost,covers,independent_electronic_music,0.85,SUPPORTED,The passage directly states that Cyclic Defrost covers independent electronic music.
bdce8bba-1977-50c3-9b86-653ff47e9c0f,hotpot_5ab7f6d35542993667794070_Cyclic Defrost,hotpotqa,Cyclic Defrost,covers,avant-rock,0.85,SUPPORTED,The passage directly states that Cyclic Defrost covers avant-rock music.
f1f4e65c-45fd-552f-acea-182b8e089979,hotpot_5ab7f6d35542993667794070_Cyclic Defrost,hotpotqa,Cyclic Defrost,covers,experimental_sound_art,0.85,SUPPORTED,The passage directly states that Cyclic Defrost covers experimental sound art.
3edaf23b-12f8-5ab8-83b7-c032020e7000,hotpot_5ab7f6d35542993667794070_Cyclic Defrost,hotpotqa,Cyclic Defrost,covers,left_field_hip_hop,0.85,SUPPORTED,The passage directly states that Cyclic Defrost covers left field hip hop.
b0ebf400-d62b-52a2-a96b-495af0ad4ce2,"hotpot_5ac3d9135542995c82c4ac4c_Nelson, New Hampshire",hotpotqa,Nelson,a_town_in,Cheshire_County,0.85,SUPPORTED,The passage directly states that Nelson is a town in Cheshire County.
db21a443-3c44-58aa-bdc3-72fa4f538409,"hotpot_5ac3d9135542995c82c4ac4c_Nelson, New Hampshire",hotpotqa,Nelson,located_in,New_Hampshire,0.85,SUPPORTED,The passage directly states that Nelson is located in New Hampshire.
7fcd6d35-3794-50f6-aaf6-45e9c371d923,"hotpot_5ac3d9135542995c82c4ac4c_Nelson, New Hampshire",hotpotqa,Nelson,located_in,United_States,0.85,ENTITY_ERROR,"The passage refers to 'Nelson, New Hampshire' as the entity, not just 'Nelson'."
cea46544-21b6-5a79-857f-74c3930de3ed,"hotpot_5ac3d9135542995c82c4ac4c_Nelson, New Hampshire",hotpotqa,Nelson,had_population,729,0.85,SUPPORTED,The passage directly states the population of Nelson as 729 at the 2010 census.
76c7848f-a82f-57c4-bd9d-97778caafa76,"hotpot_5ac3d9135542995c82c4ac4c_Nelson, New Hampshire",hotpotqa,Nelson,includes,Munsonville,0.85,SUPPORTED,The passage directly states that Nelson includes the village of Munsonville.
6fb4b227-eabc-580d-8d2d-321e38155ea7,"hotpot_5ac3d9135542995c82c4ac4c_Munsonville, New Hampshire",hotpotqa,Munsonville,located_in,Nelson,0.85,SUPPORTED,The passage directly states that Munsonville is located in Nelson.
db2f692f-0607-52a3-87ca-f6a29a90a4ce,"hotpot_5ac3d9135542995c82c4ac4c_Munsonville, New Hampshire",hotpotqa,Munsonville,part_of,Cheshire County,0.85,SUPPORTED,The passage directly states that Munsonville is in Cheshire County.
c6d151ab-845a-52ed-b746-d77145b340d8,"hotpot_5ac3d9135542995c82c4ac4c_Munsonville, New Hampshire",hotpotqa,Munsonville,located_in,northwestern corner of Nelson,0.85,SUPPORTED,The passage directly states that Munsonville is located in the northwestern corner of Nelson.
453cc025-fbe1-5c1d-8bf2-3e0525362a94,"hotpot_5ac3d9135542995c82c4ac4c_Munsonville, New Hampshire",hotpotqa,Munsonville,near,outlet of Granite Lake,0.85,SUPPORTED,The passage directly states that Munsonville is located around the outlet of Granite Lake.
056d5d4a-b479-5beb-ae24-b15662d52ee1,hotpot_5ae129115542990adbacf722_Wild Mountain Thyme,hotpotqa,Wild Mountain Thyme,also_known_as,Purple Heather,0.85,SUPPORTED,The passage explicitly mentions 'Wild Mountain Thyme' also being known as 'Purple Heather'.
0fd41b7e-dff0-59ec-8b70-eb4a754c007d,hotpot_5ae129115542990adbacf722_Wild Mountain Thyme,hotpotqa,Wild Mountain Thyme,also_known_as,"Will Ye Go, Lassie, Go?",0.85,SUPPORTED,"The passage explicitly mentions the song 'Wild Mountain Thyme' also being known as 'Will Ye Go, Lassie, Go?'."
e497f8f4-310e-5852-a0a4-7b6f91d92bc1,hotpot_5ae129115542990adbacf722_Wild Mountain Thyme,hotpotqa,Wild Mountain Thyme,is_a_variant_of,The Braes of Balquhither,0.85,SUPPORTED,The passage explicitly states that the lyrics and melody of Wild Mountain Thyme are a variant of The Braes of Balquhither.
9c137e1c-2602-5437-9471-060e87df3534,hotpot_5ae129115542990adbacf722_Wild Mountain Thyme,hotpotqa,Francis McPeake 1st,wrote,Wild Mountain Thyme,0.85,ENTITY_ERROR,"The passage states Francis McPeake wrote the song, but the extracted triplet names it 'Wild Mountain Thyme', which is an alternative name for the song."
62f07a26-3bcc-501c-a911-9d35dfe2faf6,hotpot_5ae129115542990adbacf722_Wild Mountain Thyme,hotpotqa,The McPeake family,claim_recognition_for,Wild Mountain Thyme,0.85,SUPPORTED,"The passage directly states that The McPeake family claim recognition for the writing of the song, which includes Wild Mountain Thyme."
bddae936-d6dd-5e18-851d-f432dfafd66c,hotpot_5ae129115542990adbacf722_Wild Mountain Thyme,hotpotqa,Francis McPeake,is_a_member_of,The McPeake family,0.85,SUPPORTED,The passage directly states Francis McPeake is a member of The McPeake family.
965f48a9-8b3e-5996-b048-6465095d528b,hotpot_5ae129115542990adbacf722_Wild Mountain Thyme,hotpotqa,The McPeake family,is_well_known_in,"Belfast, Northern Ireland",0.85,SUPPORTED,"The passage directly states that Francis McPeake is a member of a well-known musical family in Belfast, Northern Ireland."
532b0d3a-105a-536b-92ab-d46b5c34ed6c,hotpot_5ae129115542990adbacf722_Wild Mountain Thyme,hotpotqa,Robert Tannahill,wrote,The Braes of Balquhither,0.85,SUPPORTED,The passage directly states that Robert Tannahill wrote The Braes of Balquhither.
08ec131c-477f-5b42-beb0-7f72537b7827,hotpot_5ae129115542990adbacf722_Wild Mountain Thyme,hotpotqa,The Braes of Balquhither,is_about,The Braes of Balquhither,0.85,ENTITY_ERROR,"The passage states that 'The Braes of Balquhither' is a song by Robert Tannahill, but the triplet's subject and object are identical, suggesting a merged entity."
d9843897-befd-5cdf-9b6c-5ff65045becf,hotpot_5ae129115542990adbacf722_Wild Mountain Thyme,hotpotqa,Robert Tannahill,is_a_contemporary_of,Robert Burns,0.85,SUPPORTED,The passage explicitly states that Robert Tannahill and Robert Burns are contemporaries.
286bbf67-0608-5081-bc03-cd395f5e5e26,hotpot_5ae129115542990adbacf722_Wild Mountain Thyme,hotpotqa,The Braes of Balquhither,may_have_been_based_on,The Braes o' Bowhether,0.85,SUPPORTED,The passage directly states that 'The Braes of Balquhither' may have been based on 'The Braes o' Bowhether'.
8a5fe518-fe86-5bbe-87c0-63b32c9795da,hotpot_5ae129115542990adbacf722_A Pair of Brown Eyes,hotpotqa,A Pair of Brown Eyes,released_on,18 March 1985,0.85,SUPPORTED,The passage directly states the release date of 'A Pair of Brown Eyes'.
6c46b445-859f-55f3-a2ae-d53f91cfa7f9,hotpot_5ae129115542990adbacf722_A Pair of Brown Eyes,hotpotqa,A Pair of Brown Eyes,first_to_make,UK Top 100,0.85,SUPPORTED,The passage explicitly states that 'A Pair of Brown Eyes' was the first single to make the UK Top 100.
c7e95e6e-9b0a-51be-b4f0-128ecc5cd06a,hotpot_5ae129115542990adbacf722_A Pair of Brown Eyes,hotpotqa,A Pair of Brown Eyes,peaked_at,Number 72,0.85,SUPPORTED,The passage directly states that 'A Pair of Brown Eyes' peaked at Number 72 in the UK Top 100.
d60c0938-8398-5eec-97f2-8e02e4ffc6b8,hotpot_5ae129115542990adbacf722_A Pair of Brown Eyes,hotpotqa,A Pair of Brown Eyes,featured_on,Rum Sodomy & the Lash,0.85,SUPPORTED,The passage directly states that 'A Pair of Brown Eyes' featured on 'Rum Sodomy & the Lash'.
a9f14b23-3a0c-5a67-a419-2954ed6ef21b,hotpot_5ae129115542990adbacf722_A Pair of Brown Eyes,hotpotqa,A Pair of Brown Eyes,composed_by,Shane MacGowan,0.85,SUPPORTED,The passage directly states that 'A Pair of Brown Eyes' was composed by Shane MacGowan.
29563b8d-3e79-5bf8-a94e-d2cbd048cfaf,hotpot_5ae129115542990adbacf722_A Pair of Brown Eyes,hotpotqa,A Pair of Brown Eyes,based_on_melody_of,Wild Mountain Thyme,0.85,SUPPORTED,The passage explicitly states that 'A Pair of Brown Eyes' was composed on the melody of 'Wild Mountain Thyme'.
780701b0-2062-5b9f-9daa-40ec59547e0c,hotpot_5ae129115542990adbacf722_A Pair of Brown Eyes,hotpotqa,Wild Mountain Thyme,also_known_as,Will Ye Go Lassie Go,0.85,SUPPORTED,The passage explicitly states the song is also known as 'Will Ye Go Lassie Go'.
feee8096-facc-5766-b260-55e33e3d874d,hotpot_5ae129115542990adbacf722_A Pair of Brown Eyes,hotpotqa,Wild Mountain Thyme,by,Francis McPeake,0.85,SUPPORTED,The passage directly states that 'Wild Mountain Thyme' is a song by Francis McPeake.
ce02d017-8d3e-529c-9498-ba5c7168a1a6,hotpot_5ae129115542990adbacf722_A Pair of Brown Eyes,hotpotqa,Wild Mountain Thyme,in_style_of,traditional Irish folk,0.85,SUPPORTED,The passage directly states that 'Wild Mountain Thyme' is in a traditional Irish folk style.
0cbe68c4-0d7b-5d65-b483-86a56edf51ae,hotpot_5a86769c5542994775f60776_Kurt Vonnegut,hotpotqa,Kurt Vonnegut Jr.,was,an American writer,0.85,SUPPORTED,The passage directly states that Kurt Vonnegut Jr. was an American writer.
56832528-5aef-5a26-9fdc-10c5b8eb082b,hotpot_5a86769c5542994775f60776_Kurt Vonnegut,hotpotqa,Kurt Vonnegut Jr.,published,14 novels,0.85,SUPPORTED,The passage directly states that Kurt Vonnegut Jr. published 14 novels.
89278a2f-8eae-582c-a01e-55795cf4f837,hotpot_5a86769c5542994775f60776_Kurt Vonnegut,hotpotqa,Kurt Vonnegut Jr.,published,3 short story collections,0.85,UNSUPPORTED,The passage does not mention the number of short story collections published by Kurt Vonnegut Jr.
c15e5123-d073-5aef-afaf-b52bb0a4d618,hotpot_5a86769c5542994775f60776_Kurt Vonnegut,hotpotqa,Kurt Vonnegut Jr.,published,5 plays,0.85,SUPPORTED,The passage directly states that Kurt Vonnegut Jr. published 5 plays.
dd92b5fc-cbe5-56e1-9aae-dd64e6c87956,hotpot_5a86769c5542994775f60776_Kurt Vonnegut,hotpotqa,Kurt Vonnegut Jr.,published,5 works of non-fiction,0.85,ENTITY_ERROR,"The passage mentions 'five works of non-fiction' but the extracted triplet mentions 'five works of non-fiction' as published by 'Kurt Vonnegut Jr.', whereas the passage only mentions 'Kurt Vonnegut'."
df46e175-c166-59ec-af14-9addd2593e8f,hotpot_5a86769c5542994775f60776_Kurt Vonnegut,hotpotqa,Kurt Vonnegut Jr.,is most famous for,Slaughterhouse-Five,0.85,SUPPORTED,The passage directly states that Vonnegut is most famous for 'Slaughterhouse-Five'.
d4405abb-0d31-5e71-a15a-926b7b4e810f,hotpot_5a86769c5542994775f60776_Armageddon in Retrospect,hotpotqa,Armageddon in Retrospect,is_a,collection,0.85,SUPPORTED,The passage directly states that Armageddon in Retrospect is a collection of short stories and essays.
107e9dab-fb3d-55cd-8139-20602aeccfcc,hotpot_5a86769c5542994775f60776_Armageddon in Retrospect,hotpotqa,Armageddon in Retrospect,contains,short stories and essays,0.85,SUPPORTED,The passage explicitly states that Armageddon in Retrospect is a collection of short stories and essays.
61a31949-d41b-576f-95e5-94bbf7d34c11,hotpot_5a86769c5542994775f60776_Armageddon in Retrospect,hotpotqa,Armageddon in Retrospect,about,war and peace,0.85,SUPPORTED,The passage directly states that Armageddon in Retrospect is a collection of stories and essays about war and peace.
0fb907f6-a0e7-58e2-afe5-ea9f6ac9b149,hotpot_5a86769c5542994775f60776_Armageddon in Retrospect,hotpotqa,Armageddon in Retrospect,written_by,Kurt Vonnegut,0.85,SUPPORTED,The passage directly states that Armageddon in Retrospect was written by Kurt Vonnegut.
7182f412-1cb7-5edc-a647-c772e1dffba2,hotpot_5a86769c5542994775f60776_Armageddon in Retrospect,hotpotqa,Armageddon in Retrospect,is_the_first,posthumous collection,0.85,ENTITY_ERROR,"The passage describes it as 'posthumous collection of his previously unpublished writings', not just 'posthumous collection'."
d2c90d08-5efc-5ba5-9a87-73195444504a,hotpot_5a86769c5542994775f60776_Armageddon in Retrospect,hotpotqa,Armageddon in Retrospect,includes,an introduction by Mark Vonnegut,0.85,SUPPORTED,The passage directly states that 'Armageddon in Retrospect' includes an introduction by Mark Vonnegut.
f6ea4c75-88cd-5d2c-9dc7-239bc496f8d9,hotpot_5a86769c5542994775f60776_Armageddon in Retrospect,hotpotqa,Armageddon in Retrospect,includes,a letter from Kurt to his family,0.85,SUPPORTED,The passage explicitly states that the book includes a letter from Kurt to his family.
9433f36c-c9a4-5ba6-bdfb-8c08806c97d9,hotpot_5a86769c5542994775f60776_Armageddon in Retrospect,hotpotqa,Armageddon in Retrospect,includes,the fire-bombing of Dresden,0.85,SUPPORTED,The passage explicitly states that the book includes the fire-bombing of Dresden.
7c25b179-a74f-5e15-8196-a6872443a68e,hotpot_5a86769c5542994775f60776_Armageddon in Retrospect,hotpotqa,Armageddon in Retrospect,is_laden_with,handwritten quotations and rough drawings by the author,0.85,SUPPORTED,The passage directly states that 'Armageddon in Retrospect' is laden with handwritten quotations and rough drawings by the author.
52297ea2-798e-55fe-ab02-b7ac58fc1b17,hotpot_5ab31864554299233954ff06_Apratim Majumdar,hotpotqa,Apratim Majumdar,born_in,1978,0.85,UNSUPPORTED,The passage does not mention the year Apratim Majumdar was born.
0d49736b-688f-57ee-b63e-144bac5c7494,hotpot_5ab31864554299233954ff06_Apratim Majumdar,hotpotqa,Apratim Majumdar,nationality,Indian,0.85,SUPPORTED,The passage explicitly states Apratim Majumdar's nationality as Indian.
35615a83-6a3d-5f14-a0cc-0256ca26d165,hotpot_5ab31864554299233954ff06_Apratim Majumdar,hotpotqa,Apratim Majumdar,from,Kolkata,0.85,SUPPORTED,The passage directly states that Apratim Majumdar is from Kolkata.
dc285d35-92fe-5f3f-9cc9-7bc86f58b2d2,hotpot_5ab31864554299233954ff06_Apratim Majumdar,hotpotqa,Apratim Majumdar,plays,Sarod,0.85,SUPPORTED,The passage directly states that Apratim Majumdar plays the Sarod.
871314c2-9176-58a2-9bf4-f04ac2b9d880,hotpot_5ab31864554299233954ff06_Apratim Majumdar,hotpotqa,Apratim Majumdar,style,Dhrupadee Veenkar,0.85,SUPPORTED,The passage directly states Apratim Majumdar's style as Dhrupadee Veenkar.
b9f58a86-0ec1-507f-99bb-1ccb081a5e4b,hotpot_5ab31864554299233954ff06_Apratim Majumdar,hotpotqa,Apratim Majumdar,style_origin,Ustad Alauddin Khan's Seni Veenkar Gharana,0.85,ENTITY_ERROR,"The passage mentions 'Dhrupadee Veenkar' style, not 'style_origin', and the object is the style itself, not Ustad Alauddin Khan's Seni Veenkar Gharana."
47d30f71-e2d5-5357-ae0a-f40d1f5baa6b,hotpot_5ab31864554299233954ff06_Apratim Majumdar,hotpotqa,Apratim Majumdar,occupation,instructor of classical Indian music,0.85,SUPPORTED,The passage directly states that Apratim Majumdar is an internationally recognized instructor of classical Indian music.
854116be-6400-5c64-92b2-36e75ff82f59,hotpot_5ab31864554299233954ff06_Sarod,hotpotqa,Sarod,is_a,stringed_instrument,0.85,SUPPORTED,The passage directly states that the sarod is a stringed instrument.
69581bf5-d609-58bf-8f42-082070305472,hotpot_5ab31864554299233954ff06_Sarod,hotpotqa,Sarod,used_in,Indian_classical_music,0.85,SUPPORTED,The passage directly states that the sarod is used in Indian classical music.
2213aa04-2393-5a82-b692-cc377f1532b6,hotpot_5ab31864554299233954ff06_Sarod,hotpotqa,Sarod,known_for,deep_weighty_sound,0.85,SUPPORTED,"The passage directly states that the sarod is known for a deep, weighty, introspective sound."
87aa18b3-4ba9-5568-8666-2c37261cf819,hotpot_5ab31864554299233954ff06_Sarod,hotpotqa,Sarod,has_quality,resonant_reverberant,0.85,SUPPORTED,"The passage directly states that the sarod has a resonant, reverberant quality due to its sympathetic strings."
e9517fc7-a202-5e95-a736-a8d26b6bb2ea,hotpot_5ab31864554299233954ff06_Sarod,hotpotqa,Sarod,able_to_produce,meend,0.85,SUPPORTED,The passage directly states that the sarod is able to produce meend.
17412351-9c26-55e7-99dc-06135b41883f,hotpot_5ab31864554299233954ff06_Sarod,hotpotqa,Sarod,popular_in,Hindustani_classical_music,0.85,SUPPORTED,The passage explicitly states that the sarod is among the most popular and prominent instruments in Hindustani classical music.
5e561772-d75a-5dc0-a66e-1c8e0bfac27f,hotpot_5a7b1023554299042af8f6c2_The Many Adventures of Winnie the Pooh,hotpotqa,The Many Adventures of Winnie the Pooh,is_a,animated film,0.85,SUPPORTED,The passage directly states that The Many Adventures of Winnie the Pooh is an animated film.
6b6c7804-518e-592e-8d95-e7e242d31d64,hotpot_5a7b1023554299042af8f6c2_The Many Adventures of Winnie the Pooh,hotpotqa,The Many Adventures of Winnie the Pooh,produced_by,Walt Disney Productions,0.85,SUPPORTED,The passage directly states that Walt Disney Productions produced The Many Adventures of Winnie the Pooh.
5bb1ced4-9c0d-5969-9715-55dec2598a4b,hotpot_5a7b1023554299042af8f6c2_The Many Adventures of Winnie the Pooh,hotpotqa,The Many Adventures of Winnie the Pooh,distributed_by,Buena Vista Distribution,0.85,SUPPORTED,The passage directly states that Buena Vista Distribution distributed The Many Adventures of Winnie the Pooh.
86bc2b2b-9aaa-5cbf-b2b1-9ccf2f8aeaed,hotpot_5a7b1023554299042af8f6c2_The Many Adventures of Winnie the Pooh,hotpotqa,The Many Adventures of Winnie the Pooh,released_on,"March 11, 1977",0.85,SUPPORTED,The passage directly states the release date of the film.
b583ad9a-6347-5690-a2a4-7096c10e881a,hotpot_5a7b1023554299042af8f6c2_The Many Adventures of Winnie the Pooh,hotpotqa,The Many Adventures of Winnie the Pooh,released_with,The Littlest Horse Thieves,0.85,SUPPORTED,The passage explicitly states that The Many Adventures of Winnie the Pooh was released with The Littlest Horse Thieves.
76f9e6d1-697c-568f-b713-4fbf892d605c,hotpot_5a7b1023554299042af8f6c2_Ride a Wild Pony,hotpotqa,Ride a Wild Pony,is_a,film,0.85,SUPPORTED,The passage explicitly states that Ride a Wild Pony is a film.
3b78ffda-d51d-56c5-bbcd-262b8da0f705,hotpot_5a7b1023554299042af8f6c2_Ride a Wild Pony,hotpotqa,Ride a Wild Pony,produced_by,Walt Disney Productions,0.85,SUPPORTED,The passage directly states that Ride a Wild Pony was produced by Walt Disney Productions.
542871df-f616-5316-a84c-1bd1a90c88b0,hotpot_5a7b1023554299042af8f6c2_Ride a Wild Pony,hotpotqa,Ride a Wild Pony,directed_by,Don Chaffey,0.85,SUPPORTED,The passage directly states that Ride a Wild Pony was directed by Don Chaffey.
2b6df990-41b6-57d8-9f07-6cd49e9bc300,hotpot_5a7b1023554299042af8f6c2_Ride a Wild Pony,hotpotqa,Ride a Wild Pony,based_on,A Sporting Proposition,0.85,SUPPORTED,The passage directly states the film 'Ride a Wild Pony' is based on the novel 'A Sporting Proposition'.
d25a5138-0131-581e-94f9-0c1cb5872983,hotpot_5a7b1023554299042af8f6c2_Ride a Wild Pony,hotpotqa,Ride a Wild Pony,published_in,1975,0.85,UNSUPPORTED,The passage does not mention the publication year of the film.
c6a73de9-3a27-5849-924f-7dddd988a558,hotpot_5a7b1023554299042af8f6c2_Ride a Wild Pony,hotpotqa,Ride a Wild Pony,of_genre,family adventure,0.85,SUPPORTED,The passage directly states the genre of the film 'Ride a Wild Pony'.
7b8db669-8e3a-59fa-9c5e-5c810e125e4c,hotpot_5a7b1023554299042af8f6c2_Ride a Wild Pony,hotpotqa,Ride a Wild Pony,of_origin,American-Australian,0.85,SUPPORTED,The passage directly states that Ride a Wild Pony is an American-Australian film.
559417b8-bb3d-5744-b787-4aa229c1a44e,hotpot_5ac19f405542991316484b5b_Pandikona,hotpotqa,Pandikona,is_a,primitive-type hunting dog,0.85,SUPPORTED,The passage directly states that the Pandikona is a primitive-type hunting dog.
78083755-2060-58ec-9a22-c037d2ac2a1f,hotpot_5ac19f405542991316484b5b_Pandikona,hotpotqa,Pandikona,originates_from,"Pattikonda taluk-Kurnool district of Andhra Pradesh and Madhya Pradesh state, India",0.85,SUPPORTED,The passage directly states the origin of Pandikona.
1fc8ad81-5272-5217-ba55-b087e71112b0,hotpot_5ac19f405542991316484b5b_Pandikona,hotpotqa,Pandikona,is_a,medium size sight hound,0.85,SUPPORTED,The passage directly states that the Pandikona is a medium size sight hound.
0ac1d8a2-426b-5504-9bc7-604427fe0567,hotpot_5ac19f405542991316484b5b_Pandikona,hotpotqa,Pandikona,adapted_to,harsh climatic conditions of Kurnool district,0.85,SUPPORTED,The passage directly states that the Pandikona is adapted to harsh climatic conditions of Kurnool district.
ecd20f3d-0117-59e6-b75b-7e63a332eb53,hotpot_5ac19f405542991316484b5b_Pandikona,hotpotqa,Pandikona,associated_with,shepherd families of that region,0.85,SUPPORTED,The passage directly states that Pandikona dogs are associated with shepherd families of that region.
b9045ab9-5ccd-5da2-aaff-b16afcc84e19,hotpot_5ac19f405542991316484b5b_Pandikona,hotpotqa,PandiKona dogs,need,very little care,0.85,SUPPORTED,The passage directly states that PandiKona dogs need very little care.
7bf0f1bc-9a09-5823-b3c5-9b0ae85d3942,hotpot_5ac19f405542991316484b5b_Berger Blanc Suisse,hotpotqa,Berger Blanc Suisse,is_also_known_as,White Swiss Shepherd,0.85,SUPPORTED,The passage explicitly lists the English name of the Berger Blanc Suisse as White Swiss Shepherd.
b5a8cfa5-71e2-5bf4-af75-8e7fcb4ee20a,hotpot_5ac19f405542991316484b5b_Berger Blanc Suisse,hotpotqa,Berger Blanc Suisse,is_also_known_as,Weisser Schweizer Schäferhund,0.85,SUPPORTED,The passage explicitly lists the German name for the Berger Blanc Suisse breed.
d1af33c9-6490-516d-8e60-fdddd0756433,hotpot_5ac19f405542991316484b5b_Berger Blanc Suisse,hotpotqa,Berger Blanc Suisse,is_also_known_as,Pastore Svizzero Bianco,0.85,SUPPORTED,The passage explicitly lists 'Pastore Svizzero Bianco' as an alternative name for the Berger Blanc Suisse.
6b93dd2b-fdfd-58c0-94e5-f652e9f3e09e,hotpot_5ac19f405542991316484b5b_Berger Blanc Suisse,hotpotqa,Berger Blanc Suisse,originates_from,Switzerland,0.85,SUPPORTED,The passage directly states that the Berger Blanc Suisse is a breed of dog from Switzerland.
956f8662-292f-5a9a-bb2e-49a1bd663714,hotpot_5ac19f405542991316484b5b_Berger Blanc Suisse,hotpotqa,Berger Blanc Suisse,has_same_origins_as,White Shepherd,0.85,SUPPORTED,The passage explicitly states that the Berger Blanc Suisse has the same origins as the White Shepherd.
15a85482-32b4-5e6a-bc1f-2355a93e9661,hotpot_5ac19f405542991316484b5b_Berger Blanc Suisse,hotpotqa,Berger Blanc Suisse,has_same_origins_as,German Shepherd Dog,0.85,ENTITY_ERROR,"The passage mentions 'White Shepherd' as having the same origins, not 'German Shepherd Dog'."
eb882fde-1f27-5964-b485-bca4abace64b,hotpot_5ac19f405542991316484b5b_Berger Blanc Suisse,hotpotqa,Berger Blanc Suisse,recognized_as_separate_breed_by,FCI,0.85,SUPPORTED,The passage directly states that the Berger Blanc Suisse has been recognized as a separate breed by the FCI.
d572fdbc-ec41-53a5-add4-575bc27528bc,hotpot_5ae382ee5542992e3233c430_Classical realism (international relations),hotpotqa,Classical Realism,is_a_theory_of,International Relations,0.85,SUPPORTED,The passage directly states that Classical Realism is a theory of International Relations.
0f1bca20-137f-51c3-baa0-e10b880fce6a,hotpot_5ae382ee5542992e3233c430_Classical realism (international relations),hotpotqa,Classical Realism,established_in,post-World War II era,0.85,SUPPORTED,The passage directly states that Classical Realism was established in the post-World War II era.
982d584e-0629-5141-b2e7-eab52544c834,hotpot_5ae382ee5542992e3233c430_Classical realism (international relations),hotpotqa,Classical Realism,seeks_to_explain,international politics,0.85,SUPPORTED,The passage directly states that Classical Realism seeks to explain international politics.
757d58b2-284f-5945-92fb-e1a7c1d48bf7,hotpot_5ae382ee5542992e3233c430_Classical realism (international relations),hotpotqa,Classical Realism,based_on,human nature,0.85,SUPPORTED,The passage directly states that Classical Realism seeks to explain international politics as a result of human nature.
a00d5230-8ddc-5d3c-8ef1-ce17bf820c33,hotpot_5ae382ee5542992e3233c430_Classical realism (international relations),hotpotqa,Classical Realism,associated_with,Niccolò Machiavelli,0.85,SUPPORTED,The passage directly states that Classical Realism is associated with Niccolò Machiavelli.
8ae3f529-70b9-514c-ad52-6c9da774c0fe,hotpot_5ae382ee5542992e3233c430_Classical realism (international relations),hotpotqa,Classical Realism,associated_with,Thomas Hobbes,0.85,SUPPORTED,The passage directly states that Thomas Hobbes is associated with Classical Realism.
db0179e1-5d71-5f05-9b7a-fd03be2dccab,hotpot_5ae382ee5542992e3233c430_Classical realism (international relations),hotpotqa,Classical Realism,associated_with,Carl von Clausewitz,0.85,SUPPORTED,The passage directly states that Carl von Clausewitz is associated with Classical Realism.
936fb9c8-796e-5917-bffc-3c961dcd4630,hotpot_5ae382ee5542992e3233c430_Classical realism (international relations),hotpotqa,Classical Realism,associated_with,Hans Morgenthau,0.85,SUPPORTED,The passage directly states that Hans Morgenthau is associated with Classical Realism.
44fab38d-1917-5ad6-83d6-05f29133043e,hotpot_5ae382ee5542992e3233c430_Classical realism (international relations),hotpotqa,Classical Realism,associated_with,Reinhold Niebuhr,0.85,SUPPORTED,The passage directly states that Reinhold Niebuhr is associated with Classical Realism.
c5b43317-afc3-512f-8104-648f505bb99a,hotpot_5ae382ee5542992e3233c430_Classical realism (international relations),hotpotqa,Classical Realism,overshadowed_by,Neorealism,0.85,SUPPORTED,The passage directly states that Classical Realist thought has been overshadowed by Neorealism.
e9627220-470c-5ea4-84ef-85e273be7133,hotpot_5ae382ee5542992e3233c430_Classical realism (international relations),hotpotqa,Kenneth Waltz,work_caused,rise_of_Structuralism,0.85,ENTITY_ERROR,"The passage does not mention the rise of Structuralism as Kenneth Waltz' work, but rather as a factor that led to the acceptance of Neorealism."
0f12dee3-bc01-541c-9c09-1dbebd78a828,hotpot_5ae382ee5542992e3233c430_Classical realism (international relations),hotpotqa,Structuralism,favored,emphasis_on_rationality,0.85,SUPPORTED,The passage directly states that Structuralism favored emphasis on rationality.
b8679e44-3b82-5ebe-80ee-454592d7f33f,hotpot_5ae382ee5542992e3233c430_Carl von Clausewitz,hotpotqa,Carl von Clausewitz,born_in,1780,0.85,SUPPORTED,The passage explicitly states the year of Carl von Clausewitz's birth.
2d8c3339-b7c0-532c-b1f5-751ed7d23d04,hotpot_5ae382ee5542992e3233c430_Carl von Clausewitz,hotpotqa,Carl von Clausewitz,died_in,1831,0.85,SUPPORTED,The passage explicitly states that Carl von Clausewitz died in 1831.
633c020b-212e-58c1-808f-c08303514a77,hotpot_5ae382ee5542992e3233c430_Carl von Clausewitz,hotpotqa,Carl von Clausewitz,wrote,Vom Kriege,0.85,SUPPORTED,The passage directly states that Carl von Clausewitz wrote 'Vom Kriege'.
06ecbd52-550a-54a1-9477-9453b89f8416,hotpot_5ae382ee5542992e3233c430_Carl von Clausewitz,hotpotqa,Carl von Clausewitz,held_position,Prussian general,0.85,SUPPORTED,The passage directly states that Carl von Clausewitz was a Prussian general.
f4bd4be3-a263-55b4-97e6-f66a7a1a354d,hotpot_5ae382ee5542992e3233c430_Carl von Clausewitz,hotpotqa,Carl von Clausewitz,held_position,military_theorist,0.85,SUPPORTED,The passage directly states that Carl von Clausewitz was a military theorist.
db76de19-3407-552d-8192-60dabb8757b2,hotpot_5adcdf455542994ed6169c11_No. 1455 Flight RAF,hotpotqa,No. 1455 Flight,formed_on,7 July 1941,0.85,SUPPORTED,The passage directly states that No. 1455 Flight was formed on 7 July 1941.
cdd78844-1203-5918-aaf6-5deaf954f12e,hotpot_5adcdf455542994ed6169c11_No. 1455 Flight RAF,hotpotqa,No. 1455 Flight,equipped_with,Turbinlite Douglas Boston,0.85,SUPPORTED,The passage explicitly states that No. 1455 Flight was equipped with Turbinlite Douglas Boston aircraft.
9f6de1c5-3bb8-5c55-aee6-29d4c1402719,hotpot_5adcdf455542994ed6169c11_No. 1455 Flight RAF,hotpotqa,No. 1455 Flight,equipped_with,Douglas Havoc aircraft,0.85,ENTITY_ERROR,"The passage mentions 'Turbinlite Douglas Boston and Douglas Havoc aircraft', but the triplet only mentions 'Douglas Havoc aircraft'."
78b78a74-ecc1-5f38-8407-461696d65507,hotpot_5adcdf455542994ed6169c11_No. 1455 Flight RAF,hotpotqa,No. 1455 Flight,cooperated_with,Hawker Hurricanes of 1 Squadron,0.85,SUPPORTED,The passage directly states that No. 1455 Flight cooperated with the Hawker Hurricanes of 1 Squadron.
783b4700-a6ad-5e81-bf45-49048ee538d2,hotpot_5adcdf455542994ed6169c11_No. 1455 Flight RAF,hotpotqa,No. 1455 Flight,cooperated_with,Hawker Hurricanes of 3 Squadron,0.85,ENTITY_ERROR,"The passage mentions 1 Squadron, not 3 Squadron, as one of the units that cooperated with the flight."
cf71d52b-5b14-5774-8f65-3e2a6c323ce5,hotpot_5adcdf455542994ed6169c11_No. 1455 Flight RAF,hotpotqa,No. 1455 Flight,replaced_by,534 Squadron,0.85,UNSUPPORTED,The passage does not mention the replacement of No. 1455 Flight by 534 Squadron in relation to the predicate 'replaced_by'.
7d20ace2-0c8f-57a2-bda3-90c06daab248,hotpot_5adcdf455542994ed6169c11_No. 1455 Flight RAF,hotpotqa,534 Squadron,replaced,No. 1455 Flight,0.85,SUPPORTED,The passage directly states that No. 1455 Flight was replaced with 534 Squadron.
db96664f-46f2-5939-906e-ed11ca9fcd2c,hotpot_5adcdf455542994ed6169c11_No. 1455 Flight RAF,hotpotqa,No. 1455 Flight,replaced_on,2 September 1942,0.85,UNSUPPORTED,"The passage does not mention the replacement of No. 1455 Flight on 2 September 1942, but rather its replacement with 534 Squadron."
2b43dc6d-3b4e-543d-bdfa-daacf2b1ad13,hotpot_5adcdf455542994ed6169c11_Hawker Hurricane,hotpotqa,Hawker Hurricane,designed_by,Hawker Aircraft Ltd,0.85,SUPPORTED,The passage directly states that the Hawker Hurricane was designed by Hawker Aircraft Ltd.
10ea02da-ae93-523c-9dc2-11ebbcba197c,hotpot_5adcdf455542994ed6169c11_Hawker Hurricane,hotpotqa,Hawker Hurricane,predominantly_built_by,Hawker Aircraft Ltd,0.85,SUPPORTED,The passage directly states that the Hawker Hurricane was predominantly built by Hawker Aircraft Ltd.
0aec5aa2-d0d1-5b24-92f6-5d71e17d9ae9,hotpot_5adcdf455542994ed6169c11_Hawker Hurricane,hotpotqa,Hawker Hurricane,used_by,Royal Air Force,0.85,SUPPORTED,The passage explicitly states that the Hawker Hurricane was built for the Royal Air Force.
19197d08-3289-5abe-bf0d-7c42b4400f4a,hotpot_5adcdf455542994ed6169c11_Hawker Hurricane,hotpotqa,Hawker Hurricane,operated_in,Battle of Britain,0.85,SUPPORTED,The passage explicitly states that the Hawker Hurricane became renowned during the Battle of Britain.
533ed14c-ba17-54b8-ab52-567ceb29b91f,hotpot_5adcdf455542994ed6169c11_Hawker Hurricane,hotpotqa,Hawker Hurricane,operated_in,Second World War,0.85,SUPPORTED,The passage explicitly states that the Hawker Hurricane served in all the major theatres of the Second World War.
11a1c296-c976-586b-a490-62b07aade9cf,hotpot_5ac35a7e554299741d48a257_Norwegians,hotpotqa,Norwegians,native_to,Norway,0.85,ENTITY_ERROR,"The passage refers to 'Norway' as the country where Norwegians are native, but the triplet uses the general term 'Norway' without specifying it as a country."
71259b36-3b5e-53dd-9399-c12c5931a658,hotpot_5ac35a7e554299741d48a257_Norwegians,hotpotqa,Norwegians,share,common_culture,0.85,SUPPORTED,The passage directly states that Norwegians share a common culture.
3c6f19bd-707a-58e2-9d85-01505be3fd1e,hotpot_5ac35a7e554299741d48a257_Norwegians,hotpotqa,Norwegians,speak,Norwegian_language,0.85,SUPPORTED,The passage directly states that Norwegians speak the Norwegian language.
5984deba-524f-5761-8ff2-4283def3dc42,hotpot_5ac35a7e554299741d48a257_Norwegians,hotpotqa,Norwegian_people,found_in,United_States,0.85,SUPPORTED,"The passage explicitly states that Norwegian people and their descendants are found in migrant communities worldwide, including the United States."
13fe5dcf-4713-5024-a655-40e72044f169,hotpot_5ac35a7e554299741d48a257_Norwegians,hotpotqa,Norwegian_people,found_in,Canada,0.85,SUPPORTED,The passage explicitly mentions Norwegian people being found in Canada.
fa14718b-6354-5de0-b4b5-669952cdcc84,hotpot_5ac35a7e554299741d48a257_Norwegians,hotpotqa,Norwegian_people,found_in,Australia,0.85,SUPPORTED,"The passage explicitly mentions Norwegian people being found in migrant communities worldwide, including Australia."
0ff475dd-0e1c-5210-a2b7-a313021569e2,hotpot_5ac35a7e554299741d48a257_Norwegians,hotpotqa,Norwegian_people,found_in,Argentina,0.85,SUPPORTED,The passage explicitly mentions Norwegian people being found in Argentina.
8ab48bf9-97d6-5cc0-a310-ebbc2f738166,hotpot_5ac35a7e554299741d48a257_Norwegians,hotpotqa,Norwegian_people,found_in,Chile,0.85,SUPPORTED,The passage explicitly mentions Norwegian people being found in Chile.
00360ac6-5376-510f-bb5d-d00df7a6d195,hotpot_5ac35a7e554299741d48a257_Norwegians,hotpotqa,Norwegian_people,found_in,Uruguay,0.85,SUPPORTED,"The passage explicitly mentions Norwegian people being found in migrant communities worldwide, including Uruguay."
8b1cbae4-9e72-57b5-b867-da1cdfa6a523,hotpot_5ac35a7e554299741d48a257_Norwegians,hotpotqa,Norwegian_people,found_in,Brazil,0.85,SUPPORTED,"The passage explicitly mentions Norwegian people being found in migrant communities worldwide, including Brazil."
3feb8bf5-9b6a-5f70-8d81-93f4ff55654a,hotpot_5ac35a7e554299741d48a257_Norwegians,hotpotqa,Norwegian_people,found_in,Mexico,0.85,SUPPORTED,"The passage explicitly mentions Norwegian people and their descendants being found in migrant communities worldwide, including Mexico."
bf500a1b-738d-5cd1-aa7b-2ac3cdddbe6f,hotpot_5ac35a7e554299741d48a257_Norwegians,hotpotqa,Norwegian_people,found_in,New_Zealand,0.85,SUPPORTED,The passage explicitly mentions Norwegian people being found in New Zealand.
8177b9bb-9115-5fe5-88d9-fefe34845896,hotpot_5ac35a7e554299741d48a257_Norwegians,hotpotqa,Norwegian_people,found_in,United_Kingdom,0.85,SUPPORTED,The passage explicitly mentions Norwegian people being found in the United Kingdom.
985121ef-7211-50fe-a733-5c592fc2b334,hotpot_5ac35a7e554299741d48a257_Norwegians,hotpotqa,Norwegian_people,found_in,South_Africa,0.85,SUPPORTED,The passage explicitly mentions Norwegian people being found in South Africa.
0473da51-5eb4-58a6-968a-b2627d09451e,hotpot_5ac35a7e554299741d48a257_Torstein Ellingsen,hotpotqa,Torstein Ellingsen,born_on,7 August 1966,0.85,SUPPORTED,The passage explicitly states the birth date of Torstein Ellingsen.
f710fe4a-5618-5dc2-906d-f18d821c46d1,hotpot_5ac35a7e554299741d48a257_Torstein Ellingsen,hotpotqa,Torstein Ellingsen,is,a Norwegian drummer,0.85,SUPPORTED,The passage directly states that Torstein Ellingsen is a Norwegian drummer.
cb06231e-32f3-5ded-a493-dc2acf4c5f80,hotpot_5ac35a7e554299741d48a257_Torstein Ellingsen,hotpotqa,Torstein Ellingsen,is,a music producer,0.85,SUPPORTED,The passage directly states that Torstein Ellingsen is a music producer.
62748702-db01-5d2b-89a9-f488d4b8e388,hotpot_5ac35a7e554299741d48a257_Torstein Ellingsen,hotpotqa,Torstein Ellingsen,known_from,a series of album recordings,0.85,SUPPORTED,The passage directly states that Torstein Ellingsen is known from a series of album recordings.
afa30eae-2a86-568d-9cc7-3fb5dbeab1dd,hotpot_5ab2659e554299340b5254b2_Farrukhzad Khosrow V,hotpotqa,Farrukhzad Khosrow V. Farrukhzad Khosrau V,was_king_of,Sasanian Empire,0.85,SUPPORTED,The passage directly states that Farrukhzad Khosrow V. Farrukhzad Khosrau V was briefly king of the Sasanian Empire.
944e7dfd-856d-514b-9cf9-9dee70546707,hotpot_5ab2659e554299340b5254b2_Farrukhzad Khosrow V,hotpotqa,Farrukhzad Khosrow V. Farrukhzad Khosrau V,son_of,Khosrau II,0.85,SUPPORTED,The passage directly states that Farrukhzad Khosrow V. Farrukhzad Khosrau V was the son of Khosrau II.
d419bb59-28b4-540b-96be-374f429fd417,hotpot_5ab2659e554299340b5254b2_Sasanian Empire,hotpotqa,Sasanian Empire,was_recognised_as,leading_world_power,0.85,SUPPORTED,The passage explicitly states that the Sasanian Empire was recognised as one of the leading world powers.
c961dfcc-073c-597c-baeb-e8e349f6be9a,hotpot_5ab2659e554299340b5254b2_Sasanian Empire,hotpotqa,Sasanian Empire,ruled_by,House of Sasan,0.85,SUPPORTED,The passage directly states that the Sasanian Empire was named after the House of Sasan.
64c3f7db-6814-5382-83d7-b2d5f07ef260,hotpot_5ab2659e554299340b5254b2_Sasanian Empire,hotpotqa,House of Sasan,ruled_from,224 to 651 AD,0.85,SUPPORTED,The passage directly states that the House of Sasan ruled from 224 to 651 AD.
0acef0dc-fc09-5f05-b763-f0822e76877a,hotpot_5ab2659e554299340b5254b2_Sasanian Empire,hotpotqa,Sasanian Empire,was_arch_rival_of,Roman-Byzantine Empire,0.85,SUPPORTED,"The passage explicitly states that the Sasanian Empire was a leading world power alongside its arch-rival, the Roman-Byzantine Empire."
cf5163b2-8581-5462-9792-f32106bd5f47,hotpot_5adcbb815542994ed6169bde_Stone Brewing Co.,hotpotqa,Stone Brewing Co.,headquartered_in,"Escondido, California, USA",0.85,SUPPORTED,"The passage directly states that Stone Brewing Co. is headquartered in Escondido, California, USA."
7692a453-8d6d-50f8-be49-85d2f1a30c1d,hotpot_5adcbb815542994ed6169bde_Stone Brewing Co.,hotpotqa,Stone Brewing,founded_in,"San Marcos, California",0.85,SUPPORTED,"The passage directly states that Stone Brewing was founded in San Marcos, California."
996bc1c8-d959-507b-9499-04dd14c36786,hotpot_5adcbb815542994ed6169bde_Stone Brewing Co.,hotpotqa,Stone Brewing,largest_brewery_in,Southern California,0.85,SUPPORTED,The passage directly states that Stone Brewing is the largest brewery in Southern California.
0ad6de58-faa3-5cab-8aae-4898fcc59f49,hotpot_5adcbb815542994ed6169bde_Stone Brewing Co.,hotpotqa,Stone Brewing,ranked_ninth_in,"United States, by sales volume in 2016",0.85,SUPPORTED,The passage directly states that Stone Brewing is the ninth largest craft brewery in the United States by sales volume in 2016.
e1321be8-d209-5571-8657-c00e2b6f0ba7,hotpot_5adcbb815542994ed6169bde_Beer Wars,hotpotqa,Beer Wars,is_a,2009 documentary film,0.85,SUPPORTED,The passage directly states that Beer Wars is a 2009 documentary film.
ddd13616-3778-5647-aea2-309351230572,hotpot_5adcbb815542994ed6169bde_Beer Wars,hotpotqa,Beer Wars,about,American beer industry,0.85,SUPPORTED,The passage directly states that Beer Wars is about the American beer industry.
20c74e61-7bcf-5ecf-b8af-eebcb86b5a94,hotpot_5adcbb815542994ed6169bde_Beer Wars,hotpotqa,Beer Wars,covers,differences between large corporate breweries and smaller breweries,0.85,SUPPORTED,The passage directly states that Beer Wars covers the differences between large corporate breweries and smaller breweries.
243bf703-f46c-5db8-a59b-fc9dc6b856d3,hotpot_5adcbb815542994ed6169bde_Beer Wars,hotpotqa,large corporate breweries,includes,Anheuser-Busch,0.85,SUPPORTED,The passage explicitly lists Anheuser-Busch as a large corporate brewery.
ceba4a4b-7a21-5f5d-a5dd-5b4e0a1201e4,hotpot_5adcbb815542994ed6169bde_Beer Wars,hotpotqa,large corporate breweries,includes,Miller Brewing Company,0.85,SUPPORTED,The passage explicitly mentions Miller Brewing Company as a large corporate brewery.
f8c7e6e8-9dec-5975-a308-24bab2ee972c,hotpot_5adcbb815542994ed6169bde_Beer Wars,hotpotqa,large corporate breweries,includes,Coors Brewing Company,0.85,SUPPORTED,The passage explicitly mentions Coors Brewing Company as a large corporate brewery.
b257d979-5de3-5fc5-bae6-cea59f22fd6f,hotpot_5adcbb815542994ed6169bde_Beer Wars,hotpotqa,smaller breweries,includes,Dogfish Head Brewery,0.85,SUPPORTED,The passage explicitly mentions smaller breweries like Dogfish Head Brewery.
b112ed15-d986-54c6-bcba-3f4fed73d906,hotpot_5adcbb815542994ed6169bde_Beer Wars,hotpotqa,smaller breweries,includes,Moonshot 69,0.85,SUPPORTED,The passage explicitly lists Moonshot 69 as a smaller brewery.
46ff3ad4-a915-5944-9aa1-a43c923e08f9,hotpot_5adcbb815542994ed6169bde_Beer Wars,hotpotqa,smaller breweries,includes,Yuengling,0.85,SUPPORTED,The passage explicitly mentions Yuengling as a smaller brewery.
480395a3-4254-5a91-86c9-33e1ccdf4d7d,hotpot_5adcbb815542994ed6169bde_Beer Wars,hotpotqa,smaller breweries,includes,Stone Brewing Co.,0.85,SUPPORTED,The passage explicitly mentions Stone Brewing Co. as a smaller brewery.
5ad778e8-952c-55e0-92b6-7d1b32424f76,hotpot_5adcbb815542994ed6169bde_Beer Wars,hotpotqa,Beer Wars,covers,use of advertising and lobbyists to control beer market,0.85,RELATION_ERROR,"The passage states that the film covers the differences between large and small breweries, and how advertising and lobbyists are used to control the beer market, but the extracted triplet misstates this as 'covers the use of advertising and lobbyists'."
0efd389e-7f15-5e48-9fb1-521a5c76ab2c,hotpot_5a74f8bd5542993748c8976a_2015–16 Iona Gaels men's basketball team,hotpotqa,2015–16 Iona Gaels men's basketball team,represented,Iona College,0.85,SUPPORTED,The passage directly states that the 2015–16 Iona Gaels men's basketball team represented Iona College.
b449557b-88f2-5cf2-abf6-f37958869721,hotpot_5a74f8bd5542993748c8976a_2015–16 Iona Gaels men's basketball team,hotpotqa,2015–16 Iona Gaels men's basketball team,led_by,Tim Cluess,0.85,SUPPORTED,The passage explicitly states that the 2015–16 Iona Gaels men's basketball team was led by Tim Cluess.
62e03a39-42fa-5787-a4dc-cad488d19e52,hotpot_5a74f8bd5542993748c8976a_2015–16 Iona Gaels men's basketball team,hotpotqa,2015–16 Iona Gaels men's basketball team,played_home_games_at,Hynes Athletic Center,0.85,SUPPORTED,The passage explicitly states that the 2015–16 Iona Gaels men's basketball team played their home games at the Hynes Athletic Center.
208bf68f-77ae-5a26-836c-c80c9402d736,hotpot_5a74f8bd5542993748c8976a_2015–16 Iona Gaels men's basketball team,hotpotqa,2015–16 Iona Gaels men's basketball team,members_of,Metro Atlantic Athletic Conference (MAAC),0.85,SUPPORTED,The passage explicitly states the team's conference membership.
70d5ebdc-7768-5b52-979f-043377314715,hotpot_5a74f8bd5542993748c8976a_2015–16 Iona Gaels men's basketball team,hotpotqa,2015–16 Iona Gaels men's basketball team,finished_the_season,"22–11, 16–4 in MAAC play",0.85,SUPPORTED,The passage directly states the team's season record.
0150738e-75e5-5f85-90ff-5ef736b25edd,hotpot_5a74f8bd5542993748c8976a_2015–16 Iona Gaels men's basketball team,hotpotqa,2015–16 Iona Gaels men's basketball team,defeated,"Canisius, Siena, Monmouth",0.85,SUPPORTED,"The passage explicitly states that the Gaels defeated Canisius, Siena, and Monmouth to be MAAC Tournament champions."
2a7d6c68-b247-50db-a694-c852b3ed08d8,hotpot_5a74f8bd5542993748c8976a_2015–16 Iona Gaels men's basketball team,hotpotqa,2015–16 Iona Gaels men's basketball team,earned,NCAA Tournament,0.85,SUPPORTED,The passage directly states that the team earned the NCAA Tournament's automatic bid.
8a87a854-89a6-5e1d-b703-1e5b39cdd5bd,hotpot_5a74f8bd5542993748c8976a_2015–16 Iona Gaels men's basketball team,hotpotqa,2015–16 Iona Gaels men's basketball team,lost_in,first round to Iowa State,0.85,SUPPORTED,The passage directly states the team lost in the first round to Iowa State.
742862dd-547b-519a-b789-0e0cefb3ad15,hotpot_5a74f8bd5542993748c8976a_2015–16 Iowa State Cyclones men's basketball team,hotpotqa,2015–16 Iowa State Cyclones men's basketball team,represents,Iowa State University,0.85,SUPPORTED,The passage directly states that the 2015–16 Iowa State Cyclones men's basketball team represents Iowa State University.
b3c93c53-736f-5e36-b54a-44657fb8fbb8,hotpot_5a74f8bd5542993748c8976a_2015–16 Iowa State Cyclones men's basketball team,hotpotqa,2015–16 Iowa State Cyclones men's basketball team,coached_by,Steve Prohm,0.85,SUPPORTED,The passage explicitly states that Steve Prohm coached the 2015–16 Iowa State Cyclones men's basketball team.
00ce8f9f-a5bb-554a-b383-80b83cbba23b,hotpot_5a74f8bd5542993748c8976a_2015–16 Iowa State Cyclones men's basketball team,hotpotqa,Steve Prohm,in_his,1st season,0.85,SUPPORTED,The passage directly states that Steve Prohm was in his 1st season.
e9ee56a8-4731-532a-b6cb-1cdbc67f33b9,hotpot_5a74f8bd5542993748c8976a_2015–16 Iowa State Cyclones men's basketball team,hotpotqa,Hilton Coliseum,located_in,"Ames, Iowa",0.85,SUPPORTED,"The passage explicitly states that the Cyclones played their home games at Hilton Coliseum in Ames, Iowa."
b05b4099-29d3-5740-a8bf-75a479cc2db7,hotpot_5a74f8bd5542993748c8976a_2015–16 Iowa State Cyclones men's basketball team,hotpotqa,2015–16 Iowa State Cyclones men's basketball team,competes_in,Big 12 Conference,0.85,SUPPORTED,The passage directly states that the Cyclones competed in the Big 12 Conference.
4d555041-fb59-52b3-907f-69201a81fc1b,hotpot_5ade25ed5542997c77aded70_Russia–United Kingdom relations,hotpotqa,Russia–United Kingdom relations,spans,nearly five centuries,0.85,SUPPORTED,The passage explicitly states that the relations have 'spanned nearly five centuries'.
97a2db13-aa47-53e5-9118-6323210d56da,hotpot_5ade25ed5542997c77aded70_Russia–United Kingdom relations,hotpotqa,Russia–United Kingdom relations,has_often_switched,state_of_alliance_to_rivalry_or_even_war,0.85,SUPPORTED,The passage explicitly states that Russia–United Kingdom relations have often switched from a state of alliance to rivalry or even war.
ea973d52-e60d-5cb6-a22c-cb7334365771,hotpot_5ade25ed5542997c77aded70_Russia–United Kingdom relations,hotpotqa,Russians and British,were_allies,against Napoleon,0.85,SUPPORTED,The passage explicitly states that the Russians and British were allies against Napoleon.
4b129b46-e10d-5a72-9989-604e50bd5145,hotpot_5ade25ed5542997c77aded70_Russia–United Kingdom relations,hotpotqa,Russians and British,were_enemies,in_Crimean_War_of_the_1850s,0.85,SUPPORTED,The passage explicitly states that the Russians and British were enemies in the Crimean War of the 1850s.
95b05ce2-b5d3-53a6-b444-e8ecd989504a,hotpot_5ade25ed5542997c77aded70_Russia–United Kingdom relations,hotpotqa,Russians and British,were_rivals,in_Great_Game_for_control_of_central_Asia_in_late_19th_century,0.85,SUPPORTED,The passage explicitly states that Russians and British were rivals in the Great Game for control of central Asia in the late 19th century.
3fded0a0-2e14-56ef-a4a4-acd6454533ff,hotpot_5ade25ed5542997c77aded70_Russia–United Kingdom relations,hotpotqa,Russians and British,were_allies_again,in_World_Wars_I_and_II,0.85,SUPPORTED,The passage explicitly states that Russians and British were allies in World Wars I and II.
b8ca91f0-888a-5866-a745-3c1d608970f7,hotpot_5ade25ed5542997c77aded70_Russia–United Kingdom relations,hotpotqa,relations_between_Russians_and_British,were_strained_by,Russian_Revolution_of_1917,0.85,SUPPORTED,The passage explicitly states that relations were strained by the Russian Revolution of 1917.
b62648be-bdbc-5a18-aec3-ccce9a47f5ae,hotpot_5ade25ed5542997c77aded70_Russia–United Kingdom relations,hotpotqa,Russians and British,were_at_sword's_point,during_Cold_War,0.85,SUPPORTED,The passage directly states that the Russians and British were at sword's point during the Cold War.
42e0c4b9-bef5-5315-8011-52f8d2a32f46,hotpot_5ade25ed5542997c77aded70_Russia–United Kingdom relations,hotpotqa,Russian_big_businesses,had_strong_connections_with,City_of_London_and_British_corporations,0.85,SUPPORTED,The passage directly states that Russian big businesses had strong connections with the City of London and British corporations during the late 1990s and 2000s.
9af40890-8a43-5c60-acbf-0aae9f552913,hotpot_5ade25ed5542997c77aded70_Russia–United Kingdom relations,hotpotqa,Russian_big_businesses,had_strong_connections,during_late_1990s_and_2000s,0.85,SUPPORTED,The passage directly states that Russian big businesses had strong connections with the City of London and British corporations during the late 1990s and 2000s.
26dc7e7a-98c2-5901-867b-0e80252bc3ae,hotpot_5ade25ed5542997c77aded70_Russian Revolution,hotpotqa,The Russian Revolution,occurred_in,Russia,0.85,SUPPORTED,The passage explicitly states that the Russian Revolution occurred in Russia.
3574ecf1-aa68-5be2-8051-892cacc04f2e,hotpot_5ade25ed5542997c77aded70_Russian Revolution,hotpotqa,The Russian Revolution,started_in,1917,0.85,SUPPORTED,The passage explicitly states that the Russian Revolution occurred in 1917.
10e285e9-3ad1-5686-b41c-60ee80cd5374,hotpot_5ade25ed5542997c77aded70_Russian Revolution,hotpotqa,The Russian Revolution,dismantled,Tsarist autocracy,0.85,SUPPORTED,The passage directly states that the Russian Revolution dismantled the Tsarist autocracy.
1a5ddc3a-6ab4-503b-9d8f-bad05048371c,hotpot_5ade25ed5542997c77aded70_Russian Revolution,hotpotqa,The Russian Revolution,led_to,rise_of_Soviet_Union,0.85,SUPPORTED,The passage directly states that the Russian Revolution led to the rise of the Soviet Union.
c582e4ee-759d-52fc-9a97-10cd2480b7a6,hotpot_5ade25ed5542997c77aded70_Russian Revolution,hotpotqa,Russian Empire,collapsed_due_to,abdication_of_Emperor_Nicholas_II,0.85,SUPPORTED,The passage directly states that the Russian Empire collapsed with the abdication of Emperor Nicholas II.
14d6c299-09c0-5715-adcc-177e5597a807,hotpot_5ade25ed5542997c77aded70_Russian Revolution,hotpotqa,Old regime,replaced_by,provisional_government,0.85,SUPPORTED,The passage explicitly states that the old regime was replaced by the provisional government.
d0265114-969a-50eb-8393-2635c40d51b8,hotpot_5ade25ed5542997c77aded70_Russian Revolution,hotpotqa,First revolution,occurred_in,February 1917,0.85,SUPPORTED,The passage explicitly states that the first revolution occurred in February 1917.
9f9332ec-0040-5692-b566-473b89fb7ab5,hotpot_5ade25ed5542997c77aded70_Russian Revolution,hotpotqa,Grassroots community assemblies,arose_during,first revolution,0.85,SUPPORTED,The passage directly states that grassroots community assemblies arose alongside the first revolution.
81b67023-6c84-5af4-9e89-0f4d85cff286,hotpot_5ade25ed5542997c77aded70_Russian Revolution,hotpotqa,Grassroots community assemblies,called,soviets,0.85,SUPPORTED,The passage directly states that grassroots community assemblies were called 'soviets'.
fa07bade-8ad5-5d57-9c1d-25239662d6b0,hotpot_5ade25ed5542997c77aded70_Russian Revolution,hotpotqa,Grassroots community assemblies,contended_for,authority,0.85,SUPPORTED,The passage directly states that grassroots community assemblies contended for authority.
24cb0e39-cd3e-5b76-b0ba-5c461720ab97,hotpot_5ade25ed5542997c77aded70_Russian Revolution,hotpotqa,Second revolution,toppled,Provisional Government,0.85,SUPPORTED,The passage directly states that the Provisional Government was toppled in the second revolution.
7fc5595f-feb2-5dcb-9e03-c757ca9c0ccd,hotpot_5ade25ed5542997c77aded70_Russian Revolution,hotpotqa,Second revolution,gave_power_to,soviets,0.85,SUPPORTED,The passage directly states that the second revolution gave all power to the soviets.
4ed19784-a654-5c6e-92da-b02f092a6650,hotpot_5a78ae8b5542990784727730_Castle Air Force Base,hotpotqa,Castle Air Force Base,located_northeast_of,Atwater,0.85,SUPPORTED,The passage directly states that Castle Air Force Base is located northeast of Atwater.
c5432ee9-b9be-5cab-9840-4fa7faa9dc29,hotpot_5a78ae8b5542990784727730_Castle Air Force Base,hotpotqa,Castle Air Force Base,located_northwest_of,Merced,0.85,SUPPORTED,The passage directly states that Castle Air Force Base is located northwest of Merced.
6f2ff38e-73c9-5d57-aa48-71ed36a0e058,hotpot_5a78ae8b5542990784727730_Castle Air Force Base,hotpotqa,Castle Air Force Base,located_about_115_miles_south_of,Sacramento,0.85,SUPPORTED,The passage directly states the location of Castle Air Force Base relative to Sacramento.
d88e1652-b729-5359-9ee3-c71be53e4200,hotpot_5a78ae8b5542990784727730_Sierra Academy of Aeronautics,hotpotqa,Sierra Academy of Aeronautics,headquartered_in,"Atwater, California",0.85,SUPPORTED,"The passage explicitly states that Sierra Academy of Aeronautics is headquartered in Atwater, California."
e6f00725-dea3-52c6-9790-9cb946934e9c,hotpot_5a78ae8b5542990784727730_Sierra Academy of Aeronautics,hotpotqa,Sierra Academy of Aeronautics,operates_training_facility_at,"former Castle Air Force Base, Atwater, California",0.85,SUPPORTED,The passage directly states that Sierra Academy operates its training facility at the former Castle Air Force Base.
d9bdeb38-b8e0-582d-80ba-c275d3c49ccb,hotpot_5a78ae8b5542990784727730_Sierra Academy of Aeronautics,hotpotqa,Sierra Academy of Aeronautics,contracted_by,Shanghai Airlines,0.85,SUPPORTED,The passage explicitly states that Sierra Academy is contracted by Shanghai Airlines.
d116a4a5-0357-506c-8f27-eb228c395c2f,hotpot_5ae12a4b55429920d52342df_Logar Province,hotpotqa,Logar,is_province_of,Afghanistan,0.85,SUPPORTED,The passage explicitly states that Logar is one of the 34 provinces of Afghanistan.
0ab9e243-8da9-592c-92a9-5cf5d14c3318,hotpot_5ae12a4b55429920d52342df_Logar Province,hotpotqa,Logar,located_in,eastern section,0.85,SUPPORTED,The passage directly states that Logar is located in the eastern section of the country.
2672723a-1435-53c3-b036-20401998266a,hotpot_5ae12a4b55429920d52342df_Logar Province,hotpotqa,Logar,divided_into,seven districts,0.85,SUPPORTED,The passage directly states that Logar is divided into seven districts.
25224553-aec2-55c4-8d17-15905f2640ea,hotpot_5ae12a4b55429920d52342df_Logar Province,hotpotqa,Logar,contains,hundreds of villages,0.85,SUPPORTED,The passage directly states that Logar contains hundreds of villages.
68450d4c-195a-5e92-8622-7fab664d0f61,hotpot_5ae12a4b55429920d52342df_Logar Province,hotpotqa,Puli Alam,capital_of,Logar,0.85,SUPPORTED,The passage directly states that Puli Alam is the capital of Logar Province.
4f37d149-efff-5295-bae6-90b66e6aac4b,hotpot_5ae12a4b55429920d52342df_Baraki Barak District,hotpotqa,Baraki Barak District,situated_in,Logar Province,0.85,SUPPORTED,The passage explicitly states that Baraki Barak District is situated in the western part of Logar Province.
408a4e3a-1b11-5194-8b63-04b0ea1ad55a,hotpot_5ae12a4b55429920d52342df_Baraki Barak District,hotpotqa,Baraki Barak District,borders,Wardak Province,0.85,SUPPORTED,The passage explicitly states that Baraki Barak District borders Wardak Province.
b824cd10-93c5-51db-9bb7-6af1463b600c,hotpot_5ae12a4b55429920d52342df_Baraki Barak District,hotpotqa,Baraki Barak District,borders,Pul-i-Alam District,0.85,SUPPORTED,The passage explicitly states that Baraki Barak District borders Pul-i-Alam District to the north and east.
9f4dc34f-9903-5b82-8c35-2021cfb2cf14,hotpot_5ae12a4b55429920d52342df_Baraki Barak District,hotpotqa,Baraki Barak District,borders,Kharwar District,0.85,ENTITY_ERROR,"The passage mentions 'Kharwar and Charkh districts' as the southern border, not just 'Kharwar District'."
bc2f7e1f-95d7-5d1c-8ad8-6ccddbccebf5,hotpot_5ae12a4b55429920d52342df_Baraki Barak District,hotpotqa,Baraki Barak District,borders,Charkh District,0.85,ENTITY_ERROR,"The passage mentions Charkh and Kharwar districts together as the southern border, not Charkh District alone."
0bd45744-934f-5717-b793-f401b328a30e,hotpot_5ae12a4b55429920d52342df_Baraki Barak District,hotpotqa,Baraki Barak District,has_population,"101,000",0.85,SUPPORTED,"The passage explicitly states the population of Baraki Barak District as 101,000 in the year 2006."
2477c857-ecaa-5bd4-9152-fac9c13ee2cc,hotpot_5ae12a4b55429920d52342df_Baraki Barak District,hotpotqa,Baraki Barak District,has_center,Baraki Barak,0.85,ENTITY_ERROR,"The passage refers to the 'town of Baraki Barak' as the district center, not 'Baraki Barak' alone."
e3559aa4-0ffd-5a5d-ae57-7b0ed4beaac8,hotpot_5ae12a4b55429920d52342df_Baraki Barak District,hotpotqa,Baraki Barak,located_in,northern part of the district,0.85,SUPPORTED,The passage directly states that Baraki Barak is located in the northern part of the district.
65f6c0c5-921d-5685-86a1-1b247410b147,hotpot_5ae12a4b55429920d52342df_Baraki Barak District,hotpotqa,Baraki Barak,located_in,valley of the Logar River,0.85,SUPPORTED,The passage directly states that Baraki Barak is located in the valley of the Logar River.
e520e41c-fe75-5216-a1e3-01588b5bc958,hotpot_5ae12a4b55429920d52342df_Baraki Barak District,hotpotqa,Baraki Rajan,located_in,Baraki Barak District,0.85,SUPPORTED,"The passage explicitly states that Baraki Rajan lies 4 km away from the district center, which is in Baraki Barak District."
2661c3c9-69ca-563e-b0e8-7fd2f9b7a49d,hotpot_5ae12a4b55429920d52342df_Baraki Barak District,hotpotqa,Baraki Rajan,distance_from,4 km,0.85,SUPPORTED,The passage directly states the distance between Baraki Rajan and the district center.
5abde45f-7ce2-5050-b950-d9d49667e9b5,hotpot_5ae22eae554299495565da30_Black Crescent Mountain,hotpotqa,Black Crescent Mountain,a_mountain_in,Crescent Range,0.85,SUPPORTED,The passage directly states that Black Crescent Mountain is a mountain in the Crescent Range.
3d03d7ae-8569-5544-87e6-681a613b53de,hotpot_5ae22eae554299495565da30_Black Crescent Mountain,hotpotqa,Black Crescent Mountain,located_in,White Mountains,0.85,SUPPORTED,The passage directly states that Black Crescent Mountain is located in the White Mountains.
32152d18-ca03-5a36-9b95-fba0e32a94ec,hotpot_5ae22eae554299495565da30_Black Crescent Mountain,hotpotqa,Black Crescent Mountain,distance_from,4.4 mi north of Randolph,0.85,SUPPORTED,The passage directly states the distance of Black Crescent Mountain from Randolph.
443910a7-2055-5b40-94e7-865725ec0482,hotpot_5ae22eae554299495565da30_Black Crescent Mountain,hotpotqa,Black Crescent Mountain,distance_from,4.7 mi southwest of Berlin,0.85,SUPPORTED,The passage directly states the distance of Black Crescent Mountain from Berlin.
45325660-7781-5e8d-994f-3582a6bda63b,hotpot_5ae22eae554299495565da30_Black Crescent Mountain,hotpotqa,Black Crescent Mountain,summit_on,eastern_boundary_of_White_Mountain_National_Forest,0.85,SUPPORTED,The passage directly states that the summit is on the eastern boundary of the White Mountain National Forest.
562f0c06-c5b9-5499-b3f4-96b7e5c7f0a0,"hotpot_5ae22eae554299495565da30_Randolph, New Hampshire",hotpotqa,Randolph,located_in,"Coos County, New Hampshire, U.S.",0.85,SUPPORTED,"The passage explicitly states that Randolph is located in Coos County, New Hampshire, U.S."
91e12c61-68de-5c2f-a1e4-f35ea51b8593,"hotpot_5ae22eae554299495565da30_Randolph, New Hampshire",hotpotqa,Randolph,extends_from,northern slopes of the White Mountains of the Presidential Range,0.85,SUPPORTED,The passage directly states that Randolph extends from the northern slopes of the White Mountains of the Presidential Range to the south.
2b59ce73-1627-50b0-b265-8f7a3c7b4d9a,"hotpot_5ae22eae554299495565da30_Randolph, New Hampshire",hotpotqa,Randolph,extends_to,Crescent Range and Berlin,0.85,SUPPORTED,The passage directly states that Randolph extends to the Crescent Range and Berlin.
4e197e50-12c7-5fb8-b0ac-74505b08d98e,"hotpot_5ae22eae554299495565da30_Randolph, New Hampshire",hotpotqa,Randolph,cut_by,U.S. Route 2,0.85,SUPPORTED,The passage explicitly states that U.S. Route 2 cuts through the middle of Randolph.
54eca94c-fbbb-5d25-8bf3-10e18c56b7d2,"hotpot_5ae22eae554299495565da30_Randolph, New Hampshire",hotpotqa,Northern part of Randolph,within,White Mountain National Forest,0.85,SUPPORTED,The passage explicitly states that the northern part of Randolph is within the White Mountain National Forest.
367ccd96-4547-519c-b700-82c2bbe00b2a,"hotpot_5ae22eae554299495565da30_Randolph, New Hampshire",hotpotqa,Southern part of Randolph,within,Ice Gulch Town Forest,0.85,ENTITY_ERROR,"The passage states the southern part of Randolph is within the White Mountain National Forest, not the Ice Gulch Town Forest."
b6930ce0-88ba-5fed-b0d4-b03fd1ca9e67,"hotpot_5ae22eae554299495565da30_Randolph, New Hampshire",hotpotqa,Central part of Randolph,is,settled portion of town,0.85,SUPPORTED,The passage directly states that the central part of Randolph is the settled portion of town.
35db6f57-4526-587b-8425-73660aa10124,"hotpot_5ae22eae554299495565da30_Randolph, New Hampshire",hotpotqa,Randolph,had_total_population,310 (as of 2010 census),0.85,SUPPORTED,The passage directly states the population of Randolph as of the 2010 census.
878ab2d7-72e3-5cc7-8b19-fb62b205a9d0,hotpot_5ab6aa4c55429953192ad359_Moon tree,hotpotqa,Moon trees,grown_from,500 seeds,0.85,SUPPORTED,The passage explicitly states that Moon trees were grown from 500 seeds.
81026867-8d5c-5a67-ab7b-dcc3847e6586,hotpot_5ab6aa4c55429953192ad359_Moon tree,hotpotqa,500 seeds,taken_into_orbit,Moon,0.85,SUPPORTED,The passage directly states that 500 seeds were taken into orbit around the Moon.
3837ef66-8067-5f66-8921-20bb76d1a761,hotpot_5ab6aa4c55429953192ad359_Moon tree,hotpotqa,Stuart Roosa,took,500 seeds,0.85,SUPPORTED,The passage directly states that Stuart Roosa took 500 seeds into orbit around the Moon.
36881526-d96b-524e-bea3-a1ff3ab1c031,hotpot_5ab6aa4c55429953192ad359_Moon tree,hotpotqa,Stuart Roosa,was,Command Module Pilot,0.85,SUPPORTED,The passage directly states Stuart Roosa's role as Command Module Pilot on the Apollo 14 mission.
665cb6ed-0f53-5642-9ba7-1089bad4b537,hotpot_5ab6aa4c55429953192ad359_Moon tree,hotpotqa,Stuart Roosa,was,former smoke jumper,0.85,SUPPORTED,The passage directly states that Stuart Roosa was a former smoke jumper.
c4537072-c2a4-5023-b510-b7c8aa0d8c22,hotpot_5ab6aa4c55429953192ad359_Moon tree,hotpotqa,Ed Cliff,contacted,Stuart Roosa,0.85,SUPPORTED,The passage directly states that Ed Cliff contacted Stuart Roosa.
5efb361d-2bc4-5bb1-a933-32f70380c0ca,hotpot_5ab6aa4c55429953192ad359_Moon tree,hotpotqa,Ed Cliff,was,Chief of the Forest Service,0.85,SUPPORTED,The passage directly states Ed Cliff's position as Chief of the Forest Service.
d3d88a92-f2f7-548e-99b5-c55db2df5231,hotpot_5ab6aa4c55429953192ad359_Moon tree,hotpotqa,Seeds,chosen_from,five different types of trees,0.85,SUPPORTED,The passage explicitly states that seeds were chosen from five different types of trees.
8bb12e3e-5a1f-55e5-9f82-a07691f2ff5f,hotpot_5ab6aa4c55429953192ad359_Moon tree,hotpotqa,five different types of trees,include,Loblolly Pine,0.85,SUPPORTED,"The passage explicitly states that seeds for the experiment were chosen from five different types of trees, including Loblolly Pine."
bd817c71-7e66-5139-a5ee-43dca261514f,hotpot_5ab6aa4c55429953192ad359_Moon tree,hotpotqa,five different types of trees,include,Sycamore,0.85,ENTITY_ERROR,"The passage mentions Sycamore as one of the five types of trees, but the triplet incorrectly implies it is one of the five types, when in fact it is one of the five types listed."
58a8cbe4-067e-5dd7-b6eb-c52c64d45e7e,hotpot_5ab6aa4c55429953192ad359_Moon tree,hotpotqa,five different types of trees,include,Sweetgum,0.85,SUPPORTED,The passage explicitly lists Sweetgum as one of the five tree types.
2d0a3b9a-57ab-5efa-9d53-00b65fea8d22,hotpot_5ab6aa4c55429953192ad359_Moon tree,hotpotqa,five different types of trees,include,Redwood,0.85,SUPPORTED,The passage explicitly lists Redwood as one of the five types of trees.
63853770-2939-59df-bb42-d381d1b6f790,hotpot_5ab6aa4c55429953192ad359_Moon tree,hotpotqa,five different types of trees,include,Douglas Fir,0.85,SUPPORTED,The passage explicitly lists Douglas Fir as one of the five tree types.
4ec96ca2-5adf-563a-b25a-e7ebab8e5846,hotpot_5ab6aa4c55429953192ad359_Stuart Roosa,hotpotqa,Stuart Roosa,born_on,"August 16, 1933",0.85,SUPPORTED,The passage explicitly states Stuart Roosa's birthdate.
5d34c565-141f-5702-bfba-4974820efc6f,hotpot_5ab6aa4c55429953192ad359_Stuart Roosa,hotpotqa,Stuart Roosa,was,American aeronautical engineer,0.85,SUPPORTED,The passage directly states that Stuart Roosa was an American aeronautical engineer.
6ae17231-c709-5a60-9df4-67ef8fece84f,hotpot_5ab6aa4c55429953192ad359_Stuart Roosa,hotpotqa,Stuart Roosa,was,United States Air Force pilot,0.85,SUPPORTED,The passage explicitly states that Stuart Roosa was a United States Air Force pilot.
f5353dc0-65b8-58bb-98e5-72a26dfb221a,hotpot_5ab6aa4c55429953192ad359_Stuart Roosa,hotpotqa,Stuart Roosa,was,test pilot,0.85,SUPPORTED,The passage explicitly states that Stuart Roosa was a test pilot.
acaf625e-470b-5ad0-8fcf-91700ff581f2,hotpot_5ab6aa4c55429953192ad359_Stuart Roosa,hotpotqa,Stuart Roosa,was,NASA astronaut,0.85,SUPPORTED,The passage directly states that Stuart Roosa was a NASA astronaut.
c35142f1-c631-5da4-9995-22d6249f0e94,hotpot_5ab6aa4c55429953192ad359_Stuart Roosa,hotpotqa,Stuart Roosa,was,Command Module Pilot,0.85,SUPPORTED,The passage directly states that Stuart Roosa was the Command Module Pilot for the Apollo 14 mission.
46eec5ef-bda9-5ea6-8439-05d2866b6e67,hotpot_5ab6aa4c55429953192ad359_Stuart Roosa,hotpotqa,Stuart Roosa,participated_in,Apollo 14 mission,0.85,SUPPORTED,The passage explicitly states that Stuart Roosa was the Command Module Pilot for the Apollo 14 mission.
d58325d5-d5d2-56ba-b0a6-dc673dc5e40e,hotpot_5ab6aa4c55429953192ad359_Stuart Roosa,hotpotqa,Apollo 14 mission,lasted_from,"January 31 to February 9, 1971",0.85,SUPPORTED,The passage directly states the duration of the Apollo 14 mission.
b7bc1b6a-e61c-5229-ad7f-11826d8700bd,hotpot_5ab6aa4c55429953192ad359_Stuart Roosa,hotpotqa,Apollo 14 mission,was,third mission to land astronauts on the Moon,0.85,SUPPORTED,The passage directly states that the Apollo 14 mission was the third mission to land astronauts on the Moon.
a145a22a-c60c-5235-bb5b-0620adf7f67b,hotpot_5ab6aa4c55429953192ad359_Stuart Roosa,hotpotqa,Stuart Roosa,conducted_experiments_from,orbit in the Command Module Kitty Hawk,0.85,SUPPORTED,The passage directly states that Roosa conducted experiments from orbit in the Command Module 'Kitty Hawk'.
11aff14e-1f5a-5b5e-b841-df599b210e94,hotpot_5ab6aa4c55429953192ad359_Stuart Roosa,hotpotqa,Stuart Roosa,was_one_of,24 people to travel to the Moon,0.85,SUPPORTED,The passage directly states that Roosa was one of 24 people to travel to the Moon.
b853919d-e661-5374-99e2-3abb307d29d4,hotpot_5adf3e835542993a75d26442_Nick Fury: Agent of S.H.I.E.L.D. (film),hotpotqa,Nick Fury: Agent of S.H.I.E.L.D.,based_on,Marvel Comics character Nick Fury,0.85,SUPPORTED,The passage directly states that the film is based on the Marvel Comics character Nick Fury.
21296029-fe04-5b0c-9d11-e13664c78ec1,hotpot_5adf3e835542993a75d26442_Nick Fury: Agent of S.H.I.E.L.D. (film),hotpotqa,Nick Fury: Agent of S.H.I.E.L.D.,first_broadcast_on,"May 26, 1998",0.85,SUPPORTED,The passage directly states the film's first broadcast date.
e1646382-ed80-558d-80e4-fea9a79c50b6,hotpot_5adf3e835542993a75d26442_Nick Fury: Agent of S.H.I.E.L.D. (film),hotpotqa,Nick Fury: Agent of S.H.I.E.L.D.,directed_by,Rod Hardy,0.85,SUPPORTED,The passage directly states that the film was directed by Rod Hardy.
e6400a5e-835b-57bf-9bd0-a9f6908d44fc,hotpot_5adf3e835542993a75d26442_Nick Fury: Agent of S.H.I.E.L.D. (film),hotpotqa,Nick Fury: Agent of S.H.I.E.L.D.,stars,David Hasselhoff,0.85,SUPPORTED,The passage directly states that David Hasselhoff stars in the film as Nick Fury.
8e062114-ea3f-5ab4-a408-3bf128db7c22,hotpot_5adf3e835542993a75d26442_Nick Fury: Agent of S.H.I.E.L.D. (film),hotpotqa,Nick Fury: Agent of S.H.I.E.L.D.,released_on_dvd_on,"September 30, 2008",0.85,SUPPORTED,"The passage directly states that the film was released on DVD on September 30, 2008."
2800585b-d38c-5206-894c-fe0299eed22e,hotpot_5adf3e835542993a75d26442_Nick Fury: Agent of S.H.I.E.L.D. (film),hotpotqa,David Hasselhoff,plays,Nick Fury,0.85,ENTITY_ERROR,"The passage states that David Hasselhoff plays the role of Fury, but the extracted triplet incorrectly identifies the object as Nick Fury, when in fact the passage is referring to the character played by Hasselhoff."
f6b8ddd6-a19c-5882-8abd-850aec867125,hotpot_5adf3e835542993a75d26442_Nick Fury: Agent of S.H.I.E.L.D. (film),hotpotqa,Lisa Rinna,plays,"Contessa Valentina ""Val"" Allegra de Fontaine",0.85,SUPPORTED,The passage directly states that Lisa Rinna plays Contessa Valentina 'Val' Allegra de Fontaine.
ec0f802c-c538-5eaf-b7c4-79179d6f7bde,hotpot_5adf3e835542993a75d26442_Nick Fury: Agent of S.H.I.E.L.D. (film),hotpotqa,Sandra Hess,plays,Andrea von Strucker / Viper,0.85,SUPPORTED,The passage directly states that Sandra Hess plays Andrea von Strucker / Viper.
6eda7d7b-e6eb-549a-ae11-3faefe62cdb6,hotpot_5adf3e835542993a75d26442_Nick Fury: Agent of S.H.I.E.L.D. (film),hotpotqa,HYDRA,threaten_to_attack,Manhattan,0.85,SUPPORTED,The passage directly states that HYDRA threatens to attack Manhattan with the Death's Head virus.
6faa169e-d9ab-5166-9249-565d566d20d7,hotpot_5adf3e835542993a75d26442_Nick Fury: Agent of S.H.I.E.L.D. (film),hotpotqa,HYDRA,have_reconstituted,Death's Head virus,0.85,SUPPORTED,The passage directly states that HYDRA reconstituted the Death's Head virus.
b00cc227-8f28-5982-8bae-c2fda1543ecf,hotpot_5adf3e835542993a75d26442_Fenris (comics),hotpotqa,Andrea von Strucker,is_fictional_character,Marvel Comics,0.85,ENTITY_ERROR,"The passage does not mention Andrea von Strucker being associated with Marvel Comics, but rather mentions her twin brother Andreas von Strucker."
4aacaf9d-8e6a-5fbc-8953-451ff7ae93ef,hotpot_5adf3e835542993a75d26442_Fenris (comics),hotpotqa,Andrea von Strucker,is_child_of,Baron von Strucker,0.85,SUPPORTED,The passage directly states Andrea von Strucker is the child of Baron von Strucker.
53b4ea93-1225-5db1-a265-d21f36cbac47,hotpot_5adf3e835542993a75d26442_Fenris (comics),hotpotqa,Andrea von Strucker,is_half_sibling_of,Werner von Strucker,0.85,ENTITY_ERROR,"The passage mentions Werner as the half-sibling of Andrea and Andreas, not the other way around."
2ce1362c-f6a3-54e7-8015-816505d957d9,hotpot_5adf3e835542993a75d26442_Fenris (comics),hotpotqa,Andreas von Strucker,is_fictional_character,Marvel Comics,0.85,ENTITY_ERROR,"The passage refers to 'Andrea von Strucker' as the twin, not 'Andreas von Strucker'."
b4a481da-0816-54f3-8209-26a10fef5041,hotpot_5adf3e835542993a75d26442_Fenris (comics),hotpotqa,Andreas von Strucker,is_child_of,Baron von Strucker,0.85,SUPPORTED,The passage directly states that Andreas von Strucker is the child of Baron von Strucker.
4427f764-29d6-5b6a-b469-3164935d50b3,hotpot_5adf3e835542993a75d26442_Fenris (comics),hotpotqa,Andreas von Strucker,is_half_sibling_of,Werner von Strucker,0.85,ENTITY_ERROR,"The passage refers to 'Andrea von Strucker' as the twin, not 'Andreas von Strucker'."
9a13c191-aecd-57a1-af57-a72c4558245e,hotpot_5a8ee3a755429917b4a5be02_College Humor (film),hotpotqa,College Humor,is_a,film,0.85,SUPPORTED,The passage directly states that College Humor is a film.
576c022f-8bc0-5749-b3a2-741c6a655950,hotpot_5a8ee3a755429917b4a5be02_College Humor (film),hotpotqa,College Humor,released_by,Paramount Pictures,0.85,SUPPORTED,The passage directly states that College Humor was released by Paramount Pictures.
c854902c-ce5a-5636-9db7-ad73c09f0b36,hotpot_5a8ee3a755429917b4a5be02_College Humor (film),hotpotqa,College Humor,directed_by,Wesley Ruggles,0.85,SUPPORTED,The passage directly states that College Humor was directed by Wesley Ruggles.
4d165cb1-e681-5a6e-86f1-712849452a68,hotpot_5a8ee3a755429917b4a5be02_College Humor (film),hotpotqa,College Humor,based_on,a story by Dean Fales,0.85,SUPPORTED,The passage directly states that College Humor is based on a story by Dean Fales.
fd828326-15b3-5ef9-b544-8170d783be17,hotpot_5a8ee3a755429917b4a5be02_College Humor (film),hotpotqa,College Humor,starring,Bing Crosby,0.85,SUPPORTED,The passage explicitly states that Bing Crosby stars in College Humor.
0ccf3b47-1280-5fba-9d72-5c48f04da49d,hotpot_5a8ee3a755429917b4a5be02_College Humor (film),hotpotqa,College Humor,starring,Jack Oakie,0.85,SUPPORTED,The passage explicitly states that Jack Oakie is one of the stars of the film College Humor.
19cf8a2f-b59e-534b-9282-662694a14f27,hotpot_5a8ee3a755429917b4a5be02_College Humor (film),hotpotqa,College Humor,starring,Richard Arlen,0.85,SUPPORTED,The passage explicitly lists Richard Arlen as a star of the film College Humor.
b20a713e-90f0-501e-9eb6-4b6e97a4dfd2,hotpot_5a8ee3a755429917b4a5be02_College Humor (film),hotpotqa,College Humor,starring,Mary Kornman,0.85,SUPPORTED,The passage explicitly mentions Mary Kornman as a star in the film.
79754495-597e-520c-84c2-458e4bf3c084,hotpot_5a8ee3a755429917b4a5be02_College Humor (film),hotpotqa,College Humor,starring,Mary Carlisle,0.85,SUPPORTED,The passage explicitly mentions Mary Carlisle as a star in the film College Humor.
7ed307b6-4d45-547f-8e6e-116bd1a16200,hotpot_5a8ee3a755429917b4a5be02_College Humor (film),hotpotqa,College Humor,co_starring,George Burns,0.85,SUPPORTED,The passage explicitly states that George Burns co-starred in College Humor.
dc253998-4625-56a4-8876-e11890776c87,hotpot_5a8ee3a755429917b4a5be02_College Humor (film),hotpotqa,College Humor,co_starring,Gracie Allen,0.85,SUPPORTED,The passage explicitly mentions Gracie Allen as co-starring in the film.
eef1e8d8-2378-5e57-a611-60e8c0a36908,hotpot_5a8ee3a755429917b4a5be02_College Humor (film),hotpotqa,College Humor,is_a,American pre-Code musical comedy film,0.85,SUPPORTED,The passage directly states that College Humor is an American pre-Code musical comedy film.
cbc18c88-8e65-5a9f-81bd-e9af96b49880,hotpot_5a8ee3a755429917b4a5be02_College Humor (film),hotpotqa,College Humor,released_in,1933,0.85,UNSUPPORTED,The passage does not mention the release year of the film as a fact.
a981fb45-d7c0-56ed-8836-fc60f2346ce4,hotpot_5a8ee3a755429917b4a5be02_Bing Crosby,hotpotqa,Bing Crosby,full_name,"Harry Lillis ""Bing"" Crosby Jr.",0.85,ENTITY_ERROR,"The passage refers to 'Bing Crosby' as the full name, but the object in the triplet is the full name with additional information."
565c64f2-0fa8-5df8-a5d1-7ab36ff59a12,hotpot_5a8ee3a755429917b4a5be02_Bing Crosby,hotpotqa,Bing Crosby,died_in,"October 14, 1977",0.85,SUPPORTED,The passage directly states the date of Bing Crosby's death.
0977a49b-9b10-5785-8d9d-040b5fc3a577,hotpot_5a8ee3a755429917b4a5be02_Bing Crosby,hotpotqa,Bing Crosby,nationality,American,0.85,SUPPORTED,The passage explicitly states Bing Crosby's nationality as American.
1fecd06c-6c8f-5376-8b79-f893865c1f2d,hotpot_5a8ee3a755429917b4a5be02_Bing Crosby,hotpotqa,Bing Crosby,occupation,singer and actor,0.85,SUPPORTED,The passage directly states that Bing Crosby was a singer and actor.
bd40d38f-120c-5e7e-8d75-269f00c8e151,hotpot_5a8ee3a755429917b4a5be02_Bing Crosby,hotpotqa,Bing Crosby,voice_type,warm bass-baritone,0.85,SUPPORTED,The passage directly states Bing Crosby's voice type as warm bass-baritone.
d8944c93-9529-57bd-b09d-34ee30502f16,hotpot_5a8ee3a755429917b4a5be02_Bing Crosby,hotpotqa,Bing Crosby,best_selling_recording_artist,20th century,0.85,SUPPORTED,The passage directly states that Bing Crosby was the best-selling recording artist of the 20th century.
78ad5452-1714-5185-81a6-6bf9ee184c31,hotpot_5a8ee3a755429917b4a5be02_Bing Crosby,hotpotqa,Bing Crosby,records_sold,over one billion,0.85,SUPPORTED,The passage directly states that Bing Crosby sold over one billion records.
1a256dc5-1819-5d2f-bb1d-e6d37d31840f,hotpot_5ac0dcf25542996f0d89cc2c_Koch family,hotpotqa,Koch family,is_an,American family,0.85,SUPPORTED,The passage directly states that the Koch family is an American family.
09512835-a278-50a4-b825-11044a2df849,hotpot_5ac0dcf25542996f0d89cc2c_Koch family,hotpotqa,Koch family,engaged_in,business,0.85,SUPPORTED,The passage directly states that the Koch family is engaged in business.
71550c4f-bb5c-5ea7-80da-5216a2a43dc4,hotpot_5ac0dcf25542996f0d89cc2c_Koch family,hotpotqa,Koch family,control,Koch Industries,0.85,SUPPORTED,The passage explicitly states that the Koch family controls Koch Industries.
ba5157f9-d2d8-5fd6-9bd2-dc5a6fe352e4,hotpot_5ac0dcf25542996f0d89cc2c_Koch family,hotpotqa,Koch Industries,second_largest,privately owned company,0.85,SUPPORTED,The passage directly states that Koch Industries is the second-largest privately owned company in the United States.
06777b28-631b-5e30-aed4-c281fae8ecee,hotpot_5ac0dcf25542996f0d89cc2c_Koch family,hotpotqa,Koch Industries,with_2013_revenues,$115 billion,0.85,SUPPORTED,The passage directly states the 2013 revenues of Koch Industries as $115 billion.
1e17544f-2bb3-542e-b62d-8d592d1fabe4,hotpot_5ac0dcf25542996f0d89cc2c_Koch family,hotpotqa,Fred C. Koch,developed,new cracking method,0.85,SUPPORTED,The passage directly states that Fred C. Koch developed a new cracking method.
51b2b0c4-259d-5d51-a108-81c83b110def,hotpot_5ac0dcf25542996f0d89cc2c_Koch family,hotpotqa,Fred C. Koch,for,refinement of heavy crude oil into gasoline,0.85,SUPPORTED,The passage directly states the fact about Fred C. Koch's development of a new cracking method.
7e1f8917-30c0-56f1-91f3-110b62545a3b,hotpot_5ac0dcf25542996f0d89cc2c_Koch family,hotpotqa,Fred's four sons,litigated,against each other over their interests in the business,0.85,SUPPORTED,The passage directly states that Fred's four sons litigated against each other over their interests in the business during the 1980s and 1990s.
82538ce2-bc92-5c45-9d2e-3d795b096a9c,hotpot_5ac0dcf25542996f0d89cc2c_Dark Money (book),hotpotqa,Dark Money,written_by,Jane Mayer,0.85,SUPPORTED,The passage directly states that Jane Mayer wrote the book 'Dark Money'.
8ae6954f-e680-5093-a584-f991987ae5bb,hotpot_5ac0dcf25542996f0d89cc2c_Dark Money (book),hotpotqa,Dark Money,published_in,2016,0.85,UNSUPPORTED,The passage does not mention the year of publication as an object of the 'published_in' relation.
9a6c216c-d3bc-55d0-b534-cf34896dc2e2,hotpot_5ac0dcf25542996f0d89cc2c_Dark Money (book),hotpotqa,Dark Money,genre,non-fiction,0.85,SUPPORTED,The passage explicitly states that 'Dark Money' is a non-fiction book.
aff307e7-1b58-5f94-9a06-aafa5e8db43c,hotpot_5ac0dcf25542996f0d89cc2c_Dark Money (book),hotpotqa,Jane Mayer,nationality,American,0.85,SUPPORTED,The passage explicitly states Jane Mayer's nationality as American.
d28201a7-81d0-5875-85b8-69465ea16e53,hotpot_5ac0dcf25542996f0d89cc2c_Dark Money (book),hotpotqa,Jane Mayer,occupation,investigative journalist,0.85,SUPPORTED,The passage directly states Jane Mayer's occupation as an investigative journalist.
10273717-704d-5dab-a0fd-738ca0c53522,hotpot_5ac0dcf25542996f0d89cc2c_Dark Money (book),hotpotqa,Dark Money,topic,network of wealthy conservative libertarians,0.85,SUPPORTED,The passage directly states that Dark Money is about a network of wealthy conservative libertarians.
8b29775d-5571-59ad-9001-3d80f775a70e,hotpot_5ac0dcf25542996f0d89cc2c_Dark Money (book),hotpotqa,Charles Koch,member_of,network of wealthy conservative libertarians,0.85,SUPPORTED,The passage explicitly mentions Charles Koch as a member of the network of wealthy conservative libertarians.
65d4b84e-0ec6-542c-b385-df595c9abc9b,hotpot_5ac0dcf25542996f0d89cc2c_Dark Money (book),hotpotqa,David Koch,member_of,network of wealthy conservative libertarians,0.85,SUPPORTED,The passage explicitly mentions David Koch as a member of the network of wealthy conservative libertarians.
0687e775-2420-5ae3-8aef-c5cd164a41f7,hotpot_5ac0dcf25542996f0d89cc2c_Dark Money (book),hotpotqa,Richard Mellon Scaife,funded,American Legislative Exchange Council (ALEC),0.85,SUPPORTED,The passage explicitly mentions Richard Mellon Scaife funding ALEC.
1e209bbc-c6f9-52af-ab4c-f749a2c52cd3,hotpot_5ac0dcf25542996f0d89cc2c_Dark Money (book),hotpotqa,John M. Olin,funded,American Legislative Exchange Council (ALEC),0.85,SUPPORTED,The passage explicitly states that John M. Olin funded ALEC.
cce8549e-a42f-559f-85b3-604e964a3535,hotpot_5ac0dcf25542996f0d89cc2c_Dark Money (book),hotpotqa,DeVos family,member_of,network of wealthy conservative libertarians,0.85,SUPPORTED,The passage explicitly mentions the DeVos family as part of the network of wealthy conservative libertarians.
aa3a3199-0f50-5592-ab30-092871f57ad5,hotpot_5ac0dcf25542996f0d89cc2c_Dark Money (book),hotpotqa,Coors family,member_of,network of wealthy conservative libertarians,0.85,ENTITY_ERROR,"The passage mentions the Coors family, not the Coors family as a singular entity."
3eac0cb4-2385-5e7d-a214-d71115f9dacf,"hotpot_5a7e618155429949594199b0_Boght Corners, New York",hotpotqa,Boght Corners,located_in,"Albany County, New York",0.85,SUPPORTED,"The passage explicitly states that Boght Corners is located in Albany County, New York."
ea9868f6-8782-58d7-b62e-ea56c6c13612,"hotpot_5a7e618155429949594199b0_Boght Corners, New York",hotpotqa,Boght Corners,part_of,town of Colonie,0.85,SUPPORTED,The passage directly states that Boght Corners is a hamlet in the town of Colonie.
71f17ba1-e74e-57db-8b00-9bd079e763ab,"hotpot_5a7e618155429949594199b0_Boght Corners, New York",hotpotqa,Boght Corners,straddles,U.S. Route 9,0.85,SUPPORTED,The passage directly states that Boght Corners straddles U.S. Route 9.
dace1cd3-ef90-5267-943e-961318980df8,"hotpot_5a7e618155429949594199b0_Boght Corners, New York",hotpotqa,Boght Corners,intersection_of,Route 9 and Boght Road,0.85,SUPPORTED,The passage directly states the intersection of Route 9 and Boght Road gives the hamlet its name.
4e65679e-2713-5fae-8586-25b82e965da3,"hotpot_5a7e618155429949594199b0_Boght Corners, New York",hotpotqa,Boght Corners,served_by,North Colonie Central School District,0.85,SUPPORTED,The passage directly states that Boght Corners is served by the North Colonie Central School District.
15221476-77fc-50c2-bbc8-7ce42d5ee1e2,"hotpot_5a7e618155429949594199b0_Boght Corners, New York",hotpotqa,Boght Hills Elementary School,located_in,Boght Corners,0.85,SUPPORTED,The passage directly states that Boght Hills Elementary School is located in Boght Corners.
5cf8d4d6-c222-5da9-8642-d06ff33ac94f,hotpot_5a7e618155429949594199b0_New York State Route 9R,hotpotqa,New York State Route 9R,is_a,north–south state highway,0.85,SUPPORTED,The passage directly states that NY 9R is a north–south state highway.
5fa89ab5-e2ce-5d47-ba22-de1c25db9f0a,hotpot_5a7e618155429949594199b0_New York State Route 9R,hotpotqa,New York State Route 9R,located_in,"northeastern Albany County, New York",0.85,SUPPORTED,"The passage explicitly states that NY 9R is located in northeastern Albany County, New York."
ef88126f-17b1-5fe9-a8b4-ba8d3d88e6a3,hotpot_5a7e618155429949594199b0_New York State Route 9R,hotpotqa,New York State Route 9R,length,3.22 mi,0.85,SUPPORTED,The passage explicitly states the length of NY State Route 9R as 3.22 mi.
cf38afc6-49d7-5bc1-b15c-d93102d2233e,hotpot_5a7e618155429949594199b0_New York State Route 9R,hotpotqa,New York State Route 9R,connects_to,Cohoes,0.85,SUPPORTED,The passage explicitly states that NY 9R connects to the city of Cohoes.
a8160e1e-44fc-5add-a3e9-6753b6f01a9f,hotpot_5a7e618155429949594199b0_New York State Route 9R,hotpotqa,New York State Route 9R,rejoins,U.S. Route 9,0.85,SUPPORTED,The passage explicitly states that NY 9R rejoins US 9 in the hamlet of Boght Corners.
d1fd248c-2d45-5c50-bdf8-b9a676e5c531,hotpot_5a7e618155429949594199b0_New York State Route 9R,hotpotqa,New York State Route 9R,passes_through,residential areas,0.85,SUPPORTED,The passage explicitly states that most of NY 9R passes through residential areas.
bb2bed07-36ae-5aa6-a2f4-26055177ce05,hotpot_5a7e618155429949594199b0_New York State Route 9R,hotpotqa,New York State Route 9R,has_a_portion,four lanes wide,0.85,SUPPORTED,The passage explicitly states that the southwesternmost portion of NY 9R is four lanes wide.
f699b045-1b3a-5bf6-8358-d4b3586cad3a,hotpot_5a7e618155429949594199b0_New York State Route 9R,hotpotqa,New York State Route 9R,was_assigned,c. 1939,0.85,SUPPORTED,The passage directly states that NY 9R was assigned in c. 1939.
15911654-6961-551b-8079-feaafdc6c079,hotpot_5a7e618155429949594199b0_New York State Route 9R,hotpotqa,New York State Route 9R,was_partially_replaced,NY 470,0.85,UNSUPPORTED,"The passage mentions NY 9R was partially replaced by NY 470, but only during the 1970s, which is not present in the extracted triplet."
201638a1-b9e9-557e-8008-c57474cbec54,hotpot_5ab916e155429919ba4e23a4_12 Years a Slave (score),hotpotqa,12 Years a Slave (score),original_soundtrack_of,12 Years a Slave,0.85,SUPPORTED,The passage directly states that 12 Years a Slave (score) is the original soundtrack of the film 12 Years a Slave.
dceaed72-4b62-5384-9497-5594b6bb886b,hotpot_5ab916e155429919ba4e23a4_12 Years a Slave (score),hotpotqa,12 Years a Slave (score),contains,21 tracks,0.85,SUPPORTED,The passage directly states that the record contains twenty-one tracks.
3466068e-86fa-56b4-9edb-352e5b419f8c,hotpot_5ab916e155429919ba4e23a4_12 Years a Slave (score),hotpotqa,12 Years a Slave (score),composed_by,Hans Zimmer,0.85,SUPPORTED,The passage directly states that Hans Zimmer composed the score for 12 Years a Slave.
8bad70ab-00d7-5c45-9aff-c393346b04d3,hotpot_5ab916e155429919ba4e23a4_12 Years a Slave (score),hotpotqa,12 Years a Slave (score),nominated_for,Academy Award for Original Music Score,0.85,UNSUPPORTED,The passage does not mention the soundtrack being nominated for the Academy Award.
2a6e3b13-943b-53e4-9c70-57f0a4194772,hotpot_5ab916e155429919ba4e23a4_Chiwetel Ejiofor,hotpotqa,Chiwetel Ejiofor,born_in,1977,0.85,UNSUPPORTED,"The passage does not mention the year of birth, only the month and year."
1aaaefd8-bd39-5878-9b88-da63f1ccfc8c,hotpot_5ab916e155429919ba4e23a4_Chiwetel Ejiofor,hotpotqa,Chiwetel Ejiofor,nationality,British,0.85,SUPPORTED,The passage directly states Chiwetel Ejiofor's nationality as British.
e135d812-2b68-5421-a994-927a2ca0758f,hotpot_5ab916e155429919ba4e23a4_Chiwetel Ejiofor,hotpotqa,Chiwetel Ejiofor,enrolled_in,National Youth Theatre,0.85,SUPPORTED,The passage directly states that Chiwetel Ejiofor enrolled at the National Youth Theatre.
29311262-e079-5356-8825-4de8961a693f,hotpot_5ab916e155429919ba4e23a4_Chiwetel Ejiofor,hotpotqa,Chiwetel Ejiofor,cast_in,Amistad,0.85,SUPPORTED,The passage directly states that Ejiofor was cast in the film 'Amistad'.
b52ac10f-dce6-5793-9c6e-153408be526b,hotpot_5ab916e155429919ba4e23a4_Chiwetel Ejiofor,hotpotqa,Chiwetel Ejiofor,played_role_of,James Covey,0.85,SUPPORTED,The passage directly states that Chiwetel Ejiofor played the role of James Covey in the film 'Amistad'.
6ab9fda2-7e00-518e-a890-1d4e32ad6ce9,hotpot_5a713b325542994082a3e6b5_Taj Mahal,hotpotqa,Taj Mahal,commissioned_by,Shah Jahan,0.85,SUPPORTED,The passage directly states that the Taj Mahal was commissioned by Shah Jahan.
f848d2b6-b554-5ee3-8d74-4a842ed206ae,hotpot_5a713b325542994082a3e6b5_Taj Mahal,hotpotqa,Taj Mahal,contains_tomb_of,Mumtaz Mahal,0.85,SUPPORTED,The passage explicitly states that the Taj Mahal houses the tomb of Mumtaz Mahal.
b9894d67-41db-5ab7-b102-28f9ba6c5625,hotpot_5a713b325542994082a3e6b5_Taj Mahal,hotpotqa,Taj Mahal,part_of,World Heritage Sites,0.85,UNSUPPORTED,The passage does not mention World Heritage Sites.
6106136b-a560-54f1-895c-acb22c313a26,hotpot_5a713b325542994082a3e6b5_Agra Fort,hotpotqa,Agra Fort,historical_fort_in,Agra,0.85,SUPPORTED,The passage directly states that Agra Fort is a historical fort in Agra.
705bb437-67a6-5865-9e86-391a8dd72f96,hotpot_5a713b325542994082a3e6b5_Agra Fort,hotpotqa,Agra Fort,main_residence_of,emperors_of_Mughal_Dynasty,0.85,SUPPORTED,The passage directly states that Agra Fort was the main residence of the emperors of the Mughal Dynasty.
78a5c925-3cab-507c-8454-e871cc034a8a,hotpot_5a713b325542994082a3e6b5_Agra Fort,hotpotqa,Agra Fort,UNESCO_World_Heritage_site,True,0.85,SUPPORTED,The passage directly states that Agra Fort is a UNESCO World Heritage site.
5381011b-d0f5-537c-b0d6-79f7becb72dd,hotpot_5a713b325542994082a3e6b5_Agra Fort,hotpotqa,Agra Fort,located_northwest_of,Taj Mahal,0.85,SUPPORTED,The passage directly states that the Agra Fort is about 2.5 km northwest of the Taj Mahal.
e8cc7a5b-e450-5582-8f38-99c2be7bdd63,hotpot_5a713b325542994082a3e6b5_Agra Fort,hotpotqa,Agra Fort,can_be_described_as,walled_city,0.85,SUPPORTED,The passage directly states that the Agra Fort can be more accurately described as a walled city.
fb18dd08-f888-5deb-8d8e-146dc798a9e7,hotpot_5a87c13f5542996e4f30890c_Franco Corelli,hotpotqa,Franco Corelli,born_on,8 April 1921,0.85,SUPPORTED,The passage explicitly states Franco Corelli's birthdate.
6a0e3ee8-0e47-5a2b-baa9-c581e8e740c8,hotpot_5a87c13f5542996e4f30890c_Franco Corelli,hotpotqa,Franco Corelli,was,an Italian tenor,0.85,SUPPORTED,The passage directly states that Franco Corelli was an Italian tenor.
7425e076-8952-5797-ba13-de27f708a62c,hotpot_5a87c13f5542996e4f30890c_Franco Corelli,hotpotqa,Franco Corelli,had_a_major_international_opera_career,between 1951 and 1976,0.85,SUPPORTED,The passage directly states that Franco Corelli had a major international opera career between 1951 and 1976.
31b65d81-ac8f-5bb2-90eb-4db18216ef4d,hotpot_5a87c13f5542996e4f30890c_Franco Corelli,hotpotqa,Franco Corelli,associated_in_particular_with,the spinto and dramatic tenor roles of the Italian repertory,0.85,SUPPORTED,The passage directly states that Corelli was associated with the spinto and dramatic tenor roles of the Italian repertory.
458e8208-6159-5a70-a514-86551db932df,hotpot_5a87c13f5542996e4f30890c_Franco Corelli,hotpotqa,Franco Corelli,celebrated_universally_for,"his powerhouse voice, electrifying top notes, clear timbre, passionate singing and remarkable performances",0.85,SUPPORTED,The passage directly states that Corelli was celebrated universally for his voice and performances.
f75c2559-7e9e-51cb-a126-bc0bc84b04dd,hotpot_5a87c13f5542996e4f30890c_Franco Corelli,hotpotqa,Franco Corelli,dubbed,the Prince of tenors,0.85,SUPPORTED,The passage directly states that Franco Corelli was dubbed the 'Prince of tenors'.
74864154-8c3e-5b0b-8fed-b1f838676770,hotpot_5a87c13f5542996e4f30890c_Franco Corelli,hotpotqa,Franco Corelli,possessed,handsome features and a charismatic stage presence,0.85,SUPPORTED,The passage directly states that Corelli possessed handsome features and a charismatic stage presence.
d874542b-6aa8-5dc3-b64c-347b5569cb6c,hotpot_5a87c13f5542996e4f30890c_Franco Corelli,hotpotqa,Franco Corelli,had_a_long_and_fruitful_partnership,with the Metropolitan Opera in New York City between 1961 and 1975,0.85,SUPPORTED,The passage directly states that Franco Corelli had a long and fruitful partnership with the Metropolitan Opera in New York City between 1961 and 1975.
df456609-9381-58d0-bc8d-fd42bb07edc4,hotpot_5a87c13f5542996e4f30890c_Franco Corelli,hotpotqa,Franco Corelli,appeared_on_the_stages_of,most of the major opera houses in Europe and with opera companies throughout North America,0.85,SUPPORTED,The passage directly states that Corelli appeared on the stages of most of the major opera houses in Europe and with opera companies throughout North America.
dda076ed-b396-559a-a895-1d3674650c35,hotpot_5a87c13f5542996e4f30890c_Tosca (1956 film),hotpotqa,Tosca,is_a,1956_italian_musical_film,0.85,SUPPORTED,The passage directly states that Tosca is a 1956 Italian musical film.
04e422df-9766-5b84-9144-2a2afd693c05,hotpot_5a87c13f5542996e4f30890c_Tosca (1956 film),hotpotqa,Tosca,directed_by,Carmine Gallone,0.85,SUPPORTED,The passage directly states that Tosca was directed by Carmine Gallone.
a9b26a6a-8e04-5d26-8263-097fa19f4181,hotpot_5a87c13f5542996e4f30890c_Tosca (1956 film),hotpotqa,Tosca,starring,Franca Duval,0.85,SUPPORTED,The passage directly states that Franca Duval starred in the film Tosca.
4b492c1f-c512-578a-92df-83884d6aa7ab,hotpot_5a87c13f5542996e4f30890c_Tosca (1956 film),hotpotqa,Tosca,starring,Afro Poli,0.85,SUPPORTED,The passage directly states that Afro Poli is one of the actors starring in the film Tosca.
d4179014-78fa-5e46-9952-b941d8ce755b,hotpot_5a87c13f5542996e4f30890c_Tosca (1956 film),hotpotqa,Tosca,starring,Franco Corelli,0.85,SUPPORTED,The passage directly states that Franco Corelli starred in the film Tosca.
7b2e55d0-67ed-5458-adbb-955116ccdb91,hotpot_5a87c13f5542996e4f30890c_Tosca (1956 film),hotpotqa,Tosca,based_on,Tosca opera by Giacomo Puccini,0.85,ENTITY_ERROR,The object 'Tosca opera by Giacomo Puccini' does not match the passage's description of the opera as 'Tosca' by Giacomo Puccini.
8ca8f7be-30be-5287-b803-fc8f6f60bdc9,hotpot_5a87c13f5542996e4f30890c_Tosca (1956 film),hotpotqa,Tosca,made_at,Cinecittà in Rome,0.85,SUPPORTED,The passage directly states that Tosca was made at Cinecittà in Rome.
dfc3f77e-9850-5264-8461-3b441d219017,hotpot_5a8843cd5542994846c1ce75_Mwabvi Wildlife Reserve,hotpotqa,Mwabvi Wildlife Reserve,area,135km²,0.85,SUPPORTED,The passage explicitly states the area of Mwabvi Wildlife Reserve as 135km².
b769e68e-597c-5c2d-90c9-70f63630cdf3,hotpot_5a8843cd5542994846c1ce75_Mwabvi Wildlife Reserve,hotpotqa,Mwabvi Wildlife Reserve,is_smallest_national_park_of,Malawi,0.85,ENTITY_ERROR,"The passage states it is Malawi's smallest national park, not the smallest national park of Malawi."
d3ff3943-2d93-591a-aa4d-6aab16a0dd36,hotpot_5a8843cd5542994846c1ce75_Mwabvi Wildlife Reserve,hotpotqa,Mwabvi Wildlife Reserve,least_accessible,Malawi,0.85,ENTITY_ERROR,"The passage states that Mwabvi Wildlife Reserve is in Malawi, but the object is incorrectly stated as Malawi, which is the country, not the location of the reserve."
18249bf8-8d3a-5d9d-b85e-7fd29b3056a0,hotpot_5a8843cd5542994846c1ce75_Mwabvi Wildlife Reserve,hotpotqa,Mwabvi Wildlife Reserve,has_habitat,Mopane woodland,0.85,SUPPORTED,"The passage explicitly mentions Mwabvi Wildlife Reserve having Mopane, Combretum and brachystegia woodland as habitats."
8f492f02-c902-5bee-84ed-b9d2ca304270,hotpot_5a8843cd5542994846c1ce75_Mwabvi Wildlife Reserve,hotpotqa,Mwabvi Wildlife Reserve,has_habitat,Combretum woodland,0.85,SUPPORTED,The passage explicitly mentions Combretum woodland as one of the habitats of Mwabvi Wildlife Reserve.
3a8c6094-3bf5-5275-9f77-52c6ef2e7d45,hotpot_5a8843cd5542994846c1ce75_Mwabvi Wildlife Reserve,hotpotqa,Mwabvi Wildlife Reserve,has_habitat,Brachystegia woodland,0.85,SUPPORTED,The passage explicitly mentions Brachystegia woodland as one of the habitats of Mwabvi Wildlife Reserve.
4f9dcb42-6b7f-50ca-bfcb-4f79efa2bea8,hotpot_5a8843cd5542994846c1ce75_Mwabvi Wildlife Reserve,hotpotqa,Mwabvi Wildlife Reserve,has_habitat,open_savanna,0.85,SUPPORTED,The passage explicitly mentions that Mwabvi Wildlife Reserve has open savanna as one of its habitats.
68347fe3-53a3-5981-a8dd-c8c537f10dfe,hotpot_5a8843cd5542994846c1ce75_Mwabvi Wildlife Reserve,hotpotqa,Mwabvi Wildlife Reserve,has_habitat,dambo,0.85,SUPPORTED,The passage explicitly mentions Mwabvi Wildlife Reserve having dambo as one of its habitats.
f6e5cfcc-15f6-57ff-adae-e07d1d5a2fba,hotpot_5a8843cd5542994846c1ce75_Mwabvi Wildlife Reserve,hotpotqa,Mwabvi Wildlife Reserve,has_habitat,riverine_areas,0.85,SUPPORTED,The passage explicitly mentions riverine areas as one of the habitats of Mwabvi Wildlife Reserve.
a37d8350-11d5-5fb4-baf5-e4e52ed3c934,hotpot_5a8843cd5542994846c1ce75_Mwabvi Wildlife Reserve,hotpotqa,Mwabvi,was_home_to,Malawi's Black Rhino population,0.85,SUPPORTED,The passage directly states that Mwabvi was the last natural home to Malawi's Black Rhino population.
ee1be1a8-c31b-5ad4-85d5-85df3c3e4d27,hotpot_5a8843cd5542994846c1ce75_Mwabvi Wildlife Reserve,hotpotqa,Mwabvi Wildlife Reserve,has_wildlife,kudu,0.85,SUPPORTED,The passage explicitly mentions kudu as one of the many species of antelope present in Mwabvi Wildlife Reserve.
5b3c9baf-0bc7-5f2e-8f68-9bd9544ab022,hotpot_5a8843cd5542994846c1ce75_Mwabvi Wildlife Reserve,hotpotqa,Mwabvi Wildlife Reserve,has_wildlife,sable,0.85,SUPPORTED,The passage explicitly mentions the presence of sable antelope in Mwabvi Wildlife Reserve.
6c60829a-8059-5e8b-a00a-01ab85e7645d,hotpot_5a8843cd5542994846c1ce75_Mwabvi Wildlife Reserve,hotpotqa,Mwabvi Wildlife Reserve,has_wildlife,impala,0.85,SUPPORTED,The passage explicitly mentions the presence of impala in Mwabvi Wildlife Reserve.
a1ed73d0-06fb-505a-bfd0-4b9368282040,hotpot_5a8843cd5542994846c1ce75_Mwabvi Wildlife Reserve,hotpotqa,Mwabvi Wildlife Reserve,has_wildlife,nyala,0.85,SUPPORTED,The passage explicitly mentions the presence of nyala in Mwabvi Wildlife Reserve.
043da847-adb9-5515-9df8-811d03417b83,hotpot_5a8843cd5542994846c1ce75_Mwabvi Wildlife Reserve,hotpotqa,Mwabvi Wildlife Reserve,has_wildlife,leopard,0.85,SUPPORTED,The passage explicitly mentions the presence of leopard in Mwabvi Wildlife Reserve.
c8ede7b8-a12f-5808-a80f-969d8d3a7ad5,hotpot_5a8843cd5542994846c1ce75_Mwabvi Wildlife Reserve,hotpotqa,Mwabvi Wildlife Reserve,has_wildlife,hyena,0.85,SUPPORTED,The passage explicitly mentions the presence of hyena in Mwabvi Wildlife Reserve.
20cbf085-b69c-58ee-accd-9699ac0d8dc5,hotpot_5a8843cd5542994846c1ce75_Mwabvi Wildlife Reserve,hotpotqa,Buffalo,bathe_in,Mwabvi river,0.85,SUPPORTED,The passage explicitly states that buffalo bathe in the Mwabvi river.
abd6755a-a4f8-5a82-94e6-a444732b735c,hotpot_5a8843cd5542994846c1ce75_Mwabvi Wildlife Reserve,hotpotqa,Lions,visit_from,neighbouring_Mozambique,0.85,SUPPORTED,The passage explicitly states that lions from neighbouring Mozambique are regular visitors to Mwabvi Wildlife Reserve.
258d51b7-0f5d-548b-829b-17613e001177,hotpot_5a8843cd5542994846c1ce75_Mwabvi Wildlife Reserve,hotpotqa,Mwabvi Wildlife Reserve,offers_view_of,Shire River,0.85,SUPPORTED,The passage explicitly mentions views over the Shire River.
4a71442b-0c81-5775-bd43-f0c70ecdd38f,hotpot_5a8843cd5542994846c1ce75_Mwabvi Wildlife Reserve,hotpotqa,Mwabvi Wildlife Reserve,offers_view_of,Zambesi river,0.85,UNSUPPORTED,The passage does not mention the Zambesi river in relation to views.
ecd3737f-968e-51bf-9444-ad44762b2e17,hotpot_5a8843cd5542994846c1ce75_Mwabvi Wildlife Reserve,hotpotqa,Mwabvi Wildlife Reserve,has_landmark,sandstone_outcrops,0.85,SUPPORTED,The passage explicitly mentions the 'magnificent sandstone outcrops' giving the landscape an 'almost lunar feel'.
b7404421-4008-554d-ba00-94f7b2a53769,hotpot_5a8843cd5542994846c1ce75_African buffalo,hotpotqa,African buffalo,is_a,large African bovine,0.85,SUPPORTED,The passage directly states that the African buffalo is a large African bovine.
0394ab71-8232-5c3b-9435-256f62fcd61e,hotpot_5a8843cd5542994846c1ce75_African buffalo,hotpotqa,African buffalo,not_closely_related_to,wild water buffalo of Asia,0.85,SUPPORTED,The passage explicitly states that the African buffalo is not closely related to the wild water buffalo of Asia.
da48ee6e-4483-5a36-897a-f98d016e4283,hotpot_5a8843cd5542994846c1ce75_African buffalo,hotpotqa,African buffalo,has_subspecies,Syncerus caffer caffer,0.85,SUPPORTED,The passage explicitly states that 'Syncerus caffer caffer' is a subspecies of the African buffalo.
395e6e6b-a0cd-5cd9-a929-a0838b28b0c9,hotpot_5a8843cd5542994846c1ce75_African buffalo,hotpotqa,Syncerus caffer caffer,is_located_in,South and East Africa,0.85,SUPPORTED,The passage directly states that Syncerus caffer caffer is found in South and East Africa.
252014f7-fa3d-56d9-8cf6-f2c8db6ab0f2,hotpot_5a8843cd5542994846c1ce75_African buffalo,hotpotqa,African buffalo,has_subspecies,S. c. nanus,0.85,SUPPORTED,The passage explicitly mentions the subspecies 'S. c. nanus' as the smallest one found in Central and West Africa.
321a0351-2585-5cc7-a5d8-6ea022fe615e,hotpot_5a8843cd5542994846c1ce75_African buffalo,hotpotqa,S. c. nanus,is_located_in,forest areas of Central and West Africa,0.85,SUPPORTED,The passage directly states that S. c. nanus is common in forest areas of Central and West Africa.
0d4d7a4d-3e64-5c80-98df-4e5d25418536,hotpot_5a8843cd5542994846c1ce75_African buffalo,hotpotqa,African buffalo,has_subspecies,S. c. brachyceros,0.85,SUPPORTED,The passage explicitly mentions S. c. brachyceros as a subspecies of the African buffalo.
ecb8df5b-4c47-5dc1-affb-48c32843488f,hotpot_5a8843cd5542994846c1ce75_African buffalo,hotpotqa,S. c. brachyceros,is_located_in,West Africa,0.85,SUPPORTED,The passage directly states that S. c. brachyceros is in West Africa.
4b3526f5-a2a8-5436-a62a-60bc435cb8e9,hotpot_5a8843cd5542994846c1ce75_African buffalo,hotpotqa,African buffalo,has_subspecies,S. c. aequinoctialis,0.85,SUPPORTED,The passage directly states that 'S. c. aequinoctialis' is a subspecies of the African buffalo.
11a0d7ab-dc06-58ca-a85b-7685ecf2156a,hotpot_5a8843cd5542994846c1ce75_African buffalo,hotpotqa,S. c. aequinoctialis,is_located_in,savannas of East Africa,0.85,SUPPORTED,The passage directly states that S. c. aequinoctialis is located in the savannas of East Africa.
b9144118-9168-5668-b8d8-93b2cfef416e,hotpot_5a8843cd5542994846c1ce75_African buffalo,hotpotqa,adult buffalo,has_characteristic_feature,horns with fused bases,0.85,SUPPORTED,The passage explicitly states that adult buffalo horns have fused bases.
8f8fdd5d-f5f2-5779-8262-f94e211d5375,hotpot_5a8843cd5542994846c1ce75_African buffalo,hotpotqa,adult buffalo,has_characteristic_feature,continuous bone shield across the top of the head,0.85,SUPPORTED,The passage directly states that the adult buffalo's horns have fused bases forming a continuous bone shield across the top of the head.
9a9c889b-b3a1-5c08-837e-9510b1858ca6,hotpot_5a8843cd5542994846c1ce75_African buffalo,hotpotqa,African buffalo,regarded_as,very dangerous animal,0.85,SUPPORTED,The passage directly states that African buffalo are regarded as very dangerous animals.
ffa85df2-2857-5889-b089-8db8da7a13ed,hotpot_5a8843cd5542994846c1ce75_African buffalo,hotpotqa,African buffalo,kills,over 200 people every year,0.85,SUPPORTED,The passage directly states that African buffalo gore and kill over 200 people every year.
b44dc846-7087-54fb-8219-ca46e9a78f35,hotpot_5ab90d8955429916710eb0f1_New Orleans Pelicans,hotpotqa,New Orleans Pelicans,based_in,"New Orleans, Louisiana",0.85,SUPPORTED,"The passage directly states that the New Orleans Pelicans are based in New Orleans, Louisiana."
1f9500a0-3b1b-507d-9129-e14e02259a57,hotpot_5ab90d8955429916710eb0f1_New Orleans Pelicans,hotpotqa,New Orleans Pelicans,compete_in,National Basketball Association,0.85,SUPPORTED,The passage directly states that the New Orleans Pelicans compete in the National Basketball Association.
35eb98f2-7663-5153-aafa-1c085a0d5d9b,hotpot_5ab90d8955429916710eb0f1_New Orleans Pelicans,hotpotqa,New Orleans Pelicans,member_of,Western Conference Southwest Division,0.85,SUPPORTED,The passage directly states that the New Orleans Pelicans are a member club of the Western Conference Southwest Division.
cd4cd69e-4003-5958-b419-afb7255bc3fb,hotpot_5ab90d8955429916710eb0f1_New Orleans Pelicans,hotpotqa,New Orleans Pelicans,play_home_games_in,Smoothie King Center,0.85,SUPPORTED,The passage directly states that the New Orleans Pelicans play their home games in the Smoothie King Center.
4a74dee0-5113-55c8-9a0d-75e4751d3d49,hotpot_5ab90d8955429916710eb0f1_Jalen Jones,hotpotqa,Jalen Jones,born_on,"May 27, 1993",0.85,SUPPORTED,The passage explicitly states Jalen Jones' birthdate.
92f99266-890d-5d0d-9a8b-061753672850,hotpot_5ab90d8955429916710eb0f1_Jalen Jones,hotpotqa,Jalen Jones,nationality,American,0.85,SUPPORTED,The passage explicitly states Jalen Jones' nationality as American.
2390844f-d4ff-5d97-83d0-77e8a099bae8,hotpot_5ab90d8955429916710eb0f1_Jalen Jones,hotpotqa,Jalen Jones,profession,basketball player,0.85,SUPPORTED,The passage directly states that Jalen Jones is a basketball player.
68fa91af-0306-5373-b7c5-3e13369210af,hotpot_5ab90d8955429916710eb0f1_Jalen Jones,hotpotqa,Jalen Jones,currently_works_for,New Orleans Pelicans,0.85,SUPPORTED,The passage explicitly states that Jalen Jones is a player for the New Orleans Pelicans.
dc8affb4-adc3-5bfd-b03e-073ddc5cf5c2,hotpot_5ab90d8955429916710eb0f1_Jalen Jones,hotpotqa,Jalen Jones,works_in,National Basketball Association,0.85,SUPPORTED,The passage explicitly states that Jalen Jones is a player for the National Basketball Association.
5c26549d-81ac-5011-8473-700ce9872d06,hotpot_5ab90d8955429916710eb0f1_Jalen Jones,hotpotqa,Jalen Jones,signed_on,two-way contract,0.85,UNSUPPORTED,The passage does not mention Jalen Jones being signed on a two-way contract.
fd2554ec-bfc3-5218-a7d9-d62658604c23,hotpot_5ab90d8955429916710eb0f1_Jalen Jones,hotpotqa,Jalen Jones,played_college_basketball_for,Southern Methodist,0.85,SUPPORTED,The passage directly states that Jalen Jones played college basketball for Southern Methodist.
afeb42e8-a565-5e76-acba-ac0e17fd1353,hotpot_5ab90d8955429916710eb0f1_Jalen Jones,hotpotqa,Jalen Jones,played_college_basketball_for,Texas A&M,0.85,SUPPORTED,The passage directly states that Jalen Jones played college basketball for Texas A&M.
cca56986-33ea-52b0-bd80-adf45acf9f79,hotpot_5ae788fa55429952e35ea964_Blues Traveler,hotpotqa,Blues Traveler,formed_in,"Princeton, New Jersey",0.85,SUPPORTED,"The passage explicitly states that Blues Traveler was formed in Princeton, New Jersey."
4cbbe210-dc9b-5c1c-adf6-1b75f7cf7948,hotpot_5ae788fa55429952e35ea964_Blues Traveler,hotpotqa,Blues Traveler,formed_in,1987,0.85,UNSUPPORTED,"The passage does not mention the year 1987 as the year Blues Traveler was formed, but rather as the year the band was formed in Princeton, New Jersey."
0c9a18ba-5beb-5b51-b7b7-c1d05fe9d1b2,hotpot_5ae788fa55429952e35ea964_Blues Traveler,hotpotqa,Blues Traveler,genre,blues rock,0.85,SUPPORTED,The passage explicitly mentions blues rock as one of the genres covered by Blues Traveler.
e795e600-64f2-5687-9f57-4545fddfb9d2,hotpot_5ae788fa55429952e35ea964_Blues Traveler,hotpotqa,Blues Traveler,genre,psychedelic rock,0.85,SUPPORTED,"The passage explicitly mentions the band's music covers a variety of genres, including psychedelic rock."
fe887e77-80ac-57d7-b18c-936348ba8212,hotpot_5ae788fa55429952e35ea964_Blues Traveler,hotpotqa,Blues Traveler,genre,folk rock,0.85,SUPPORTED,"The passage explicitly mentions that the band's music covers a variety of genres, including folk rock."
685c9f7c-02ed-5ff3-ae79-68269dc436b2,hotpot_5ae788fa55429952e35ea964_Blues Traveler,hotpotqa,Blues Traveler,genre,soul,0.85,SUPPORTED,"The passage explicitly mentions the band's music covers a variety of genres, including soul."
9a259ee2-f519-5e48-bdeb-a31d44fe05db,hotpot_5ae788fa55429952e35ea964_Blues Traveler,hotpotqa,Blues Traveler,genre,Southern rock,0.85,SUPPORTED,The passage explicitly mentions Southern rock as one of the genres Blues Traveler covers.
bfcd282c-1088-549e-8e2f-d9f08fd5a8de,hotpot_5ae788fa55429952e35ea964_Blues Traveler,hotpotqa,Blues Traveler,known_for,extensive use of segues in live performances,0.85,SUPPORTED,The passage directly states that Blues Traveler is known for extensive use of segues in their live performances.
a332daf4-b54f-518e-88c0-03c464c6a640,hotpot_5ae788fa55429952e35ea964_Blues Traveler,hotpotqa,Blues Traveler,considered_part_of,re-emerging jam band scene of the 1990s,0.85,SUPPORTED,The passage directly states that Blues Traveler was considered a key part of the re-emerging jam band scene of the 1990s.
3bf4fe7c-4b08-5c50-8be1-eda5c81d30ff,hotpot_5ae788fa55429952e35ea964_Blues Traveler,hotpotqa,Blues Traveler,spearheaded,H.O.R.D.E. touring music festival,0.85,SUPPORTED,The passage directly states that Blues Traveler spearheaded the H.O.R.D.E. touring music festival.
4fa83faa-c43b-5f9b-8c8e-b63e2f9112b5,hotpot_5ae788fa55429952e35ea964_On Tour Forever,hotpotqa,On Tour Forever,released_by,Blues Traveler,0.85,SUPPORTED,The passage directly states that On Tour Forever was released by Blues Traveler.
e02317d7-24e2-5d9b-af27-769850d4f1d9,hotpot_5ae788fa55429952e35ea964_On Tour Forever,hotpotqa,On Tour Forever,released_in,1992,0.85,UNSUPPORTED,The passage does not mention the release year of On Tour Forever.
e815d3c4-4bd2-5de3-b525-f5e0d4d675fa,hotpot_5ae788fa55429952e35ea964_On Tour Forever,hotpotqa,On Tour Forever,includes_copies_of,Travelers and Thieves,0.85,SUPPORTED,The passage explicitly states that On Tour Forever includes copies of Travelers and Thieves.
1ce5e2cb-325b-5ee7-9a90-a15c6db87e87,"hotpot_5ae1925a554299492dc91b48_Kinnaird Castle, Brechin",hotpotqa,Kinnaird Castle,located_in,"Angus, Scotland",0.85,SUPPORTED,"The passage directly states that Kinnaird Castle is located in Angus, Scotland."
560750f9-b474-5967-886a-5966395abc25,"hotpot_5ae1925a554299492dc91b48_Kinnaird Castle, Brechin",hotpotqa,Kinnaird Castle,built_in,15th-century,0.85,SUPPORTED,The passage directly states that Kinnaird Castle is a 15th-century castle.
aabbdb56-836f-5367-a7f1-6115118e3413,"hotpot_5ae1925a554299492dc91b48_Kinnaird Castle, Brechin",hotpotqa,Kinnaird Castle,has_been_home_to,Carnegie family,0.85,SUPPORTED,The passage directly states that Kinnaird Castle has been home to the Carnegie family.
6d95d942-c738-5fbc-a2da-77263c4a89a2,"hotpot_5ae1925a554299492dc91b48_Kinnaird Castle, Brechin",hotpotqa,Kinnaird Castle,has_been_home_to,Earl of Southesk,0.85,ENTITY_ERROR,"The passage states the castle has been home to the Carnegie family, not the Earl of Southesk."
6a74fabe-3c3b-5dc8-9791-c4f0b1fbf508,hotpot_5ae1925a554299492dc91b48_Lady Charlotte Elliot,hotpotqa,Lady Charlotte Elliot,born_as,Charlotte Carnegie,0.85,SUPPORTED,The passage directly states that Lady Charlotte Elliot was born as Charlotte Carnegie.
e5fd38d2-73d3-5f28-bed6-f067dd721de3,hotpot_5ae1925a554299492dc91b48_Lady Charlotte Elliot,hotpotqa,Lady Charlotte Elliot,born_in,"Farnell, Angus, Scotland",0.85,SUPPORTED,"The passage directly states that Lady Charlotte Elliot was born in Farnell, Angus, Scotland."
95de6880-905b-5d4c-8ba2-26c1952753b3,hotpot_5ae1443855429920d5234362_Battle of Berlin,hotpotqa,The Battle of Berlin,designated,the Berlin Strategic Offensive Operation,0.85,SUPPORTED,The passage directly states the fact without any changes to the meaning.
5622bff5-3998-543f-88df-80d1dfdb4942,hotpot_5ae1443855429920d5234362_Battle of Berlin,hotpotqa,The Battle of Berlin,was,the final major offensive of the European theatre of World War II,0.85,SUPPORTED,The passage directly states the fact without any changes or omissions.
96560dfb-9cda-5e0e-8202-1c179def9df0,hotpot_5ae1443855429920d5234362_Alexander Nikolayev,hotpotqa,Alexander Nikolayev,born_in,1918,0.85,UNSUPPORTED,The passage does not mention the year Alexander Nikolayev was born.
d6e10fd3-2dce-5d0b-a494-1ea03421c6d1,hotpot_5ae1443855429920d5234362_Alexander Nikolayev,hotpotqa,Alexander Nikolayev,died_in,2009,0.85,SUPPORTED,The passage explicitly states Alexander Nikolayev's year of death.
66eba1ce-acce-52f7-8c71-3d88193d22df,hotpot_5ae1443855429920d5234362_Alexander Nikolayev,hotpotqa,Alexander Nikolayev,was_a,Red Army senior lieutenant,0.85,SUPPORTED,The passage directly states that Alexander Nikolayev was a Red Army senior lieutenant.
48c77285-3955-536c-9721-a118c04052f0,hotpot_5ae1443855429920d5234362_Alexander Nikolayev,hotpotqa,Alexander Nikolayev,awarded,Hero of the Soviet Union,0.85,SUPPORTED,The passage explicitly states that Alexander Nikolayev received the title Hero of the Soviet Union.
21f42ae4-c700-5319-a67a-fcb9edf6862d,hotpot_5ae1443855429920d5234362_Alexander Nikolayev,hotpotqa,Alexander Nikolayev,awarded,Order of Lenin,0.85,SUPPORTED,The passage explicitly states that Nikolayev received the Order of Lenin.
6503bc73-81f2-51e6-b9bd-2e16202456f0,hotpot_5ae1443855429920d5234362_Alexander Nikolayev,hotpotqa,Alexander Nikolayev,fought_in,Battle of Berlin,0.85,SUPPORTED,The passage explicitly states that Nikolayev fought in the Battle of Berlin.
b1be7ce3-2229-5cc1-9ce5-0550b864251b,hotpot_5ae1443855429920d5234362_Alexander Nikolayev,hotpotqa,Alexander Nikolayev,fought_in,Siege of Leningrad,0.85,SUPPORTED,The passage explicitly states that Nikolayev fought in the Siege of Leningrad.
4a083952-e01e-52ea-beb8-8401cb362325,hotpot_5ac54c435542993e66e822d1_Cale Gundy,hotpotqa,Joseph Cale Gundy,born_on,"April 10, 1972",0.85,SUPPORTED,The passage directly states the birth date of Joseph Cale Gundy.
72f9f18c-085f-552a-bc5b-1dbb8e9f9c3a,hotpot_5ac54c435542993e66e822d1_Cale Gundy,hotpotqa,Joseph Cale Gundy,played_for,Oklahoma Sooners,0.85,SUPPORTED,The passage directly states that Joseph Cale Gundy played for the Oklahoma Sooners.
a87ab45b-6746-59ba-bc77-81e5d4a68018,hotpot_5ac54c435542993e66e822d1_Cale Gundy,hotpotqa,Joseph Cale Gundy,member_of,Delta Tau Delta International Fraternity,0.85,SUPPORTED,The passage directly states that Joseph Cale Gundy was a member of Delta Tau Delta International Fraternity.
6486a734-8448-5961-85e9-002dd3ba72c2,hotpot_5ac54c435542993e66e822d1_Cale Gundy,hotpotqa,Cale Gundy,coached,running backs,0.85,UNSUPPORTED,The passage does not mention Cale Gundy coaching running backs.
8c5e8988-797e-54f0-9974-e1fe24a7d485,hotpot_5ac54c435542993e66e822d1_Cale Gundy,hotpotqa,Cale Gundy,promoted_to,Assistant Head Coach,0.85,UNSUPPORTED,The passage does not mention Cale Gundy being promoted to Assistant Head Coach.
e7b13b23-5c73-5c38-b7d3-9ca1f3fdaa72,hotpot_5ac54c435542993e66e822d1_Cale Gundy,hotpotqa,Cale Gundy,moved_to,Inside Receivers,0.85,SUPPORTED,The passage explicitly states that Cale Gundy moved to Inside Receivers for the 2015 season.
aa3bd4c1-adc7-5358-9f4e-e3c315806a54,hotpot_5ac54c435542993e66e822d1_Cale Gundy,hotpotqa,Cale Gundy,brother_of,Mike Gundy,0.85,SUPPORTED,The passage directly states that Cale Gundy's brother is Mike Gundy.
be9b1d1f-f9d4-5032-8f8e-008d276048e8,hotpot_5a7a77425542995eb53be83e_Brady Seals,hotpotqa,Brady Seals,born_on,"March 29, 1969",0.85,SUPPORTED,The passage explicitly states Brady Seals' birthdate.
a219f0a0-aeb8-5c03-8396-3a73d5428d23,hotpot_5a7a77425542995eb53be83e_Brady Seals,hotpotqa,Brady Seals,nationality,American,0.85,SUPPORTED,The passage explicitly states Brady Seals' nationality as American.
fc09f61c-ce47-5857-bffc-e96ac2d0f7d9,hotpot_5a7a77425542995eb53be83e_Brady Seals,hotpotqa,Brady Seals,profession,country_music_artist,0.85,SUPPORTED,The passage directly states that Brady Seals is a country music artist.
32e7d3c6-fa1d-565c-98e2-8f0f1f73370f,hotpot_5a7a77425542995eb53be83e_Brady Seals,hotpotqa,Brady Seals,cousin_of,Jim Seals,0.85,SUPPORTED,The passage explicitly states that Brady Seals is the cousin of Jim Seals.
36b1966a-861a-546c-8448-cf49d232aafa,hotpot_5a7a77425542995eb53be83e_Brady Seals,hotpotqa,Brady Seals,cousin_of,Dan Seals,0.85,SUPPORTED,The passage explicitly states that Brady Seals is the cousin of Dan Seals.
4d9ee269-24a8-50bc-8a42-63f26ea8dd65,hotpot_5a7a77425542995eb53be83e_Brady Seals,hotpotqa,Brady Seals,cousin_of,Johnny Duncan,0.85,ENTITY_ERROR,"The passage lists Johnny Duncan as a cousin of Brady Seals, but also mentions Dan Seals as a cousin, suggesting that Johnny Duncan is not the only cousin."
3a242750-7b0c-5344-be1c-8ddd1a566549,hotpot_5a7a77425542995eb53be83e_Brady Seals,hotpotqa,Brady Seals,nephew_of,Troy Seals,0.85,SUPPORTED,The passage explicitly states that Brady Seals is the nephew of Troy Seals.
8ef7793f-a7e4-5c43-9171-c5f9d048411d,hotpot_5a7a77425542995eb53be83e_Brady Seals,hotpotqa,Brady Seals,husband_of,Lisa Stewart,0.85,SUPPORTED,The passage explicitly states that Brady Seals is the husband of Lisa Stewart.
d6f5f98b-89b2-52c5-8ca7-b0545f29d44a,hotpot_5a7a77425542995eb53be83e_Brady Seals,hotpotqa,Brady Seals,debut_in,1988,0.85,SUPPORTED,The passage explicitly states Brady Seals' debut year as 1988.
1f26b688-922b-5374-a000-0d22368df4cc,hotpot_5a7a77425542995eb53be83e_Brady Seals,hotpotqa,Brady Seals,member_of,Little Texas,0.85,SUPPORTED,The passage explicitly states that Brady Seals was a co-lead vocalist and keyboardist in Little Texas.
f1481ae1-f731-51af-b7d5-19b9a1b7bfaa,hotpot_5a7a77425542995eb53be83e_Brady Seals,hotpotqa,Brady Seals,departure_from,Little Texas,0.85,SUPPORTED,The passage explicitly states Brady Seals' departure from Little Texas in late 1994.
7df9b0a3-7ada-5a66-97dc-bee120f1937e,hotpot_5a7a77425542995eb53be83e_Brady Seals,hotpotqa,Brady Seals,solo_career,1994 to 2002,0.85,UNSUPPORTED,The passage does not mention Brady Seals' solo career duration as 1994 to 2002.
b450f535-7a2c-51aa-8f39-717aab92b32d,hotpot_5a7a77425542995eb53be83e_Brady Seals,hotpotqa,Brady Seals,released_albums,three,0.85,SUPPORTED,The passage explicitly states that Brady Seals released three studio albums as a solo singer.
3d67bb60-962a-587d-82be-bd193e3f1a7d,hotpot_5a7a77425542995eb53be83e_Brady Seals,hotpotqa,Brady Seals,charted_in,Top 40 on the country charts,0.85,SUPPORTED,"The passage explicitly states that Brady Seals charted in the Top 40 on the country charts with 'Another You, Another Me'."
53e1387f-37db-5a1b-b5ff-fc80cef44622,hotpot_5a7a77425542995eb53be83e_Brady Seals,hotpotqa,Brady Seals,formed,Hot Apple Pie,0.85,SUPPORTED,The passage directly states that Brady Seals formed Hot Apple Pie in 2002.
2d467b2c-1a09-50db-bba8-1f5fd89a6a93,hotpot_5a7a77425542995eb53be83e_Brady Seals,hotpotqa,Brady Seals,released_album,Play Time,0.85,SUPPORTED,The passage directly mentions Brady Seals releasing a solo album called 'Play Time' in 2009.
f4acfff7-cbc8-56e3-89cf-15134c16b46b,hotpot_5a7a77425542995eb53be83e_Brady Seals,hotpotqa,Brady Seals,released_album,2009,0.85,SUPPORTED,The passage directly states that Brady Seals released an album in 2009.
6812b28b-f221-5246-9768-9c2c65a451b8,hotpot_5a7a77425542995eb53be83e_Nick Carter (musician),hotpotqa,Nick Carter,born_on,"January 28, 1980",0.85,SUPPORTED,The passage explicitly states Nick Carter's birthdate.
d6b3f82d-e7c9-54ff-8fda-9f5ee72c39a0,hotpot_5a7a77425542995eb53be83e_Nick Carter (musician),hotpotqa,Nick Carter,is_an,"American singer, songwriter, actor, and dancer",0.85,SUPPORTED,The passage directly states Nick Carter's profession.
3cc330cf-ee2d-5b98-8753-18ceb07350d5,hotpot_5a7a77425542995eb53be83e_Nick Carter (musician),hotpotqa,Nick Carter,best_known_as,member of the pop group the Backstreet Boys,0.85,SUPPORTED,The passage directly states that Nick Carter is best known as a member of the Backstreet Boys.
228c7138-f63d-54c1-af33-b8bab50b54ea,hotpot_5a7a77425542995eb53be83e_Nick Carter (musician),hotpotqa,Nick Carter,released,Now or Never,0.85,SUPPORTED,The passage explicitly mentions Nick Carter releasing the album 'Now or Never'.
d6bbc286-0336-5d94-8448-8099ee9e663c,hotpot_5a7a77425542995eb53be83e_Nick Carter (musician),hotpotqa,Nick Carter,released,I'm Taking Off,0.85,SUPPORTED,The passage explicitly mentions Nick Carter releasing the album 'I'm Taking Off'.
af3c45c4-0c8e-5bd5-b4cc-524912d3706e,hotpot_5a7a77425542995eb53be83e_Nick Carter (musician),hotpotqa,Nick Carter,released,All American,0.85,SUPPORTED,The passage explicitly mentions Nick Carter releasing the album 'All American'.
2634be6f-8553-5656-993d-2205576cd77f,hotpot_5a7a77425542995eb53be83e_Nick Carter (musician),hotpotqa,Nick Carter,collaborated_with,Jordan Knight,0.85,SUPPORTED,The passage explicitly mentions Nick Carter's collaboration with Jordan Knight on the album 'Nick & Knight'.
16297884-1213-5de7-9e92-fbf335ce7438,hotpot_5a7a77425542995eb53be83e_Nick Carter (musician),hotpotqa,Nick Carter,starred_in,House of Carters,0.85,SUPPORTED,The passage explicitly states that Nick Carter starred in 'House of Carters'.
910917cb-28ac-590d-84a2-2f60805ae411,hotpot_5a7a77425542995eb53be83e_Nick Carter (musician),hotpotqa,Nick Carter,starred_in,I (Heart) Nick Carter,0.85,SUPPORTED,The passage explicitly mentions Nick Carter starring in 'I (Heart) Nick Carter'.
0d5c1a0a-ba99-5ab9-a05b-063027f07e46,hotpot_5a7a77425542995eb53be83e_Nick Carter (musician),hotpotqa,Nick Carter,gained_fame_as,teen idol,0.85,SUPPORTED,The passage directly states that Nick Carter gained fame as a teen idol.
b4891392-c72c-590f-8b68-d14119731f6b,hotpot_5a7a77425542995eb53be83e_Nick Carter (musician),hotpotqa,Nick Carter,is_the_older_brother_of,singer Aaron Carter,0.85,SUPPORTED,The passage explicitly states that Nick Carter is the older brother of singer Aaron Carter.
f17980f5-7390-5180-a5fe-62453a50040c,hotpot_5a7a77425542995eb53be83e_Nick Carter (musician),hotpotqa,Nick Carter,is_the_older_brother_of,late Leslie Carter,0.85,SUPPORTED,The passage directly states that Nick Carter is the older brother of Leslie Carter.
c1be6100-ae27-54de-a078-6339221136cd,hotpot_5a7153d05542994082a3e7dc_Nusretiye Mosque,hotpotqa,Nusretiye Mosque,located_in,Tophane district,0.85,SUPPORTED,The passage directly states that Nusretiye Mosque is located in Tophane district.
8bfa11f5-d6ae-585e-9767-0b88a9275421,hotpot_5a7153d05542994082a3e7dc_Nusretiye Mosque,hotpotqa,Nusretiye Mosque,located_in,Beyoğlu,0.85,SUPPORTED,The passage directly states that Nusretiye Mosque is located in Beyoğlu.
7ea68aaf-541a-505c-a46a-882e4e5ef002,hotpot_5a7153d05542994082a3e7dc_Nusretiye Mosque,hotpotqa,Nusretiye Mosque,located_in,Istanbul,0.85,ENTITY_ERROR,"The passage specifies the mosque is located in the Tophane district of Beyoğlu, not just Istanbul."
bf547e7e-83c7-56bb-af71-92d32f05034a,hotpot_5a7153d05542994082a3e7dc_Nusretiye Mosque,hotpotqa,Nusretiye Mosque,located_in,Turkey,0.85,ENTITY_ERROR,"The passage states the mosque is located in the Tophane district of Beyoğlu, Istanbul, not just Turkey."
4df818ab-aa85-508d-b71f-8f6a68d79a98,hotpot_5a7153d05542994082a3e7dc_Nusretiye Mosque,hotpotqa,Nusretiye Mosque,built_in,1823-1826,0.85,SUPPORTED,The passage directly states that the Nusretiye Mosque was built in 1823-1826.
e7d41412-d4e7-573c-89e7-61d0b57a6251,hotpot_5a7153d05542994082a3e7dc_Nusretiye Mosque,hotpotqa,Nusretiye Mosque,built_by,Sultan Mahmut II,0.85,SUPPORTED,The passage directly states that Sultan Mahmut II built the Nusretiye Mosque.
8473d1d4-fcc2-544f-95bb-756ce62484ea,hotpot_5a7153d05542994082a3e7dc_Bayezid II Mosque,hotpotqa,Bayezid II Mosque,located_in,Beyazıt Square,0.85,SUPPORTED,The passage directly states that the Bayezid II Mosque is located in the Beyazıt Square area.
87b7c605-edb9-5d66-a123-7e210e85a5b6,hotpot_5a7153d05542994082a3e7dc_Bayezid II Mosque,hotpotqa,Bayezid II Mosque,near,Forum of Theodosius,0.85,SUPPORTED,The passage directly states that the Bayezid II Mosque is located near the ruins of the Forum of Theodosius.
2a5d7b7b-66c0-5b1b-b117-eeac386e61a4,hotpot_5ae361805542992e3233c3c9_Dennis Rodman,hotpotqa,Dennis Keith Rodman,born_on,"May 13, 1961",0.85,SUPPORTED,The passage explicitly states the birth date of Dennis Rodman.
161e5284-d21b-52b0-a6c7-d363885e6244,hotpot_5ae361805542992e3233c3c9_Dennis Rodman,hotpotqa,Dennis Rodman,nicknamed,The Worm,0.85,SUPPORTED,The passage directly states that Dennis Rodman was nicknamed 'The Worm'.
bfbb790e-2352-554e-80a7-0caed3e7525f,hotpot_5ae361805542992e3233c3c9_Dennis Rodman,hotpotqa,Dennis Rodman,played_for,Detroit Pistons,0.85,SUPPORTED,The passage explicitly states that Dennis Rodman played for the Detroit Pistons.
b0db4aef-a4ce-5b78-bf18-7a3dd73e727b,hotpot_5ae361805542992e3233c3c9_Dennis Rodman,hotpotqa,Dennis Rodman,played_for,San Antonio Spurs,0.85,SUPPORTED,The passage explicitly states that Dennis Rodman played for the San Antonio Spurs.
5678d4ad-8cf5-55e4-85e2-10de3a4627a1,hotpot_5ae361805542992e3233c3c9_Dennis Rodman,hotpotqa,Dennis Rodman,played_for,Chicago Bulls,0.85,SUPPORTED,The passage explicitly states that Dennis Rodman played for the Chicago Bulls.
9cfce8c7-7ce7-508f-8e4d-8ffd10793d4e,hotpot_5ae361805542992e3233c3c9_Dennis Rodman,hotpotqa,Dennis Rodman,played_for,Dallas Mavericks,0.85,SUPPORTED,The passage explicitly mentions Dennis Rodman playing for the Dallas Mavericks.
c3b703f2-6c7c-5551-8567-a3d53ad6d9c0,hotpot_5ae361805542992e3233c3c9_Dennis Rodman,hotpotqa,Dennis Rodman,known_for,fierce defensive abilities,0.85,SUPPORTED,The passage directly states that Dennis Rodman was known for his fierce defensive abilities.
1a10562c-7861-5f8f-9c14-94dee8c64a29,hotpot_5ae361805542992e3233c3c9_Dennis Rodman,hotpotqa,Dennis Rodman,known_for,rebounding abilities,0.85,SUPPORTED,The passage directly states that Dennis Rodman was known for his rebounding abilities.
7e809a06-1262-5f64-9d3d-c34c239cac64,hotpot_5ae361805542992e3233c3c9_Greg Monroe,hotpotqa,Greg Monroe,born_on,"June 4, 1990",0.85,SUPPORTED,The passage directly states Greg Monroe's birthdate.
ab825728-07bb-5d43-bcce-614c8ca99751,hotpot_5ae361805542992e3233c3c9_Greg Monroe,hotpotqa,Greg Monroe,nationality,American,0.85,SUPPORTED,The passage directly states Greg Monroe's nationality as American.
41aaf942-6494-5ede-b4c0-1da3c9df220f,hotpot_5ae361805542992e3233c3c9_Greg Monroe,hotpotqa,Greg Monroe,profession,basketball player,0.85,SUPPORTED,The passage directly states that Greg Monroe is a basketball player.
eef32e9d-a20e-5a9e-9672-6f19fb488269,hotpot_5ae361805542992e3233c3c9_Greg Monroe,hotpotqa,Greg Monroe,team,Milwaukee Bucks,0.85,SUPPORTED,The passage explicitly states that Greg Monroe plays for the Milwaukee Bucks.
0b1d6b32-ae55-5770-8113-7ddefcc9cbd8,hotpot_5ae361805542992e3233c3c9_Greg Monroe,hotpotqa,Greg Monroe,awarded,Big East Rookie of the Year,0.85,SUPPORTED,The passage directly states that Greg Monroe was named Big East Rookie of the Year.
06d8da92-159f-5b2b-bef0-4208adb89a44,hotpot_5ae361805542992e3233c3c9_Greg Monroe,hotpotqa,Greg Monroe,drafted_by,Detroit Pistons,0.85,SUPPORTED,The passage directly states that Greg Monroe was drafted by the Detroit Pistons.
2352e0ee-af8a-56a2-8a86-d85da8a79cf9,hotpot_5ae361805542992e3233c3c9_Greg Monroe,hotpotqa,Greg Monroe,draft_position,seventh overall pick,0.85,SUPPORTED,The passage directly states Greg Monroe's draft position as the seventh overall pick.
3418d1bd-263a-5051-8059-460c4b86af43,hotpot_5ae361805542992e3233c3c9_Greg Monroe,hotpotqa,Greg Monroe,last_wore,#10 jersey,0.85,SUPPORTED,The passage directly states that Greg Monroe was the last Pistons player to wear the #10 jersey.
abb42e57-e8f8-5457-a85b-f3eda86be97d,hotpot_5ae361805542992e3233c3c9_Greg Monroe,hotpotqa,Dennis Rodman,jersey_retired_by,Detroit Pistons,0.85,SUPPORTED,The passage explicitly states that the #10 jersey was retired for Dennis Rodman by the Detroit Pistons.
b7373c61-5ae2-55d6-8d84-42219a19bd26,hotpot_5a72688c5542997f827839b2_Valens Aqueduct,hotpotqa,Valens Aqueduct,completed_by,Roman Emperor Valens,0.85,SUPPORTED,The passage directly states that the Valens Aqueduct was completed by Roman Emperor Valens.
202f08fa-1aaa-5e43-9757-868a88bbcc84,hotpot_5a72688c5542997f827839b2_Valens Aqueduct,hotpotqa,Valens Aqueduct,major_water_providing_system_of,Constantinople,0.85,SUPPORTED,The passage directly states that the Valens Aqueduct was the major water-providing system of Constantinople.
de043577-90c4-5fb2-a3ba-c7f08603a164,hotpot_5a72688c5542997f827839b2_Valens Aqueduct,hotpotqa,Valens Aqueduct,maintained_by,Byzantines,0.85,SUPPORTED,The passage explicitly states that the Valens Aqueduct was maintained and used by the Byzantines.
a886ab75-a7d6-5e8f-80d5-37b11b7b8937,hotpot_5a72688c5542997f827839b2_Valens Aqueduct,hotpotqa,Valens Aqueduct,used_by,Ottomans,0.85,SUPPORTED,The passage explicitly states that the Valens Aqueduct was used by the Ottomans.
b2b78f88-ef6e-545d-b0d1-84decc61e1b3,hotpot_5a72688c5542997f827839b2_Valens Aqueduct,hotpotqa,Valens Aqueduct,remains,one_of_the_most_important_landmarks_of_the_city,0.85,SUPPORTED,The passage directly states that the Valens Aqueduct remains one of the most important landmarks of the city.
2956abcb-b88f-581f-bba7-8290ef5caf68,hotpot_5a72688c5542997f827839b2_Atik Valide Mosque,hotpotqa,Atik Valide Mosque,located_in,Üsküdar,0.85,SUPPORTED,The passage directly states that the Atik Valide Mosque is located in Üsküdar.
0345cc83-5149-5e34-8734-d236421cad3d,hotpot_5a72688c5542997f827839b2_Atik Valide Mosque,hotpotqa,Atik Valide Mosque,located_in,Istanbul,0.85,SUPPORTED,The passage directly states that the Atik Valide Mosque is located in Istanbul.
7b01872b-0956-5c21-b3b7-23819a0f49de,hotpot_5a72688c5542997f827839b2_Atik Valide Mosque,hotpotqa,Atik Valide Mosque,located_in,Turkey,0.85,ENTITY_ERROR,"The passage specifies the mosque is in Istanbul, not Turkey."
130538d6-633c-50b0-a79e-91535f365ffa,hotpot_5a7ce0ce554299452d57ba92_Assassination of James A. Garfield,hotpotqa,James A. Garfield,assassinated,"9:30 am on July 2, 1881",0.85,SUPPORTED,"The passage directly states that James A. Garfield was assassinated at 9:30 am on July 2, 1881."
7e71b087-ced4-5c37-a2f1-bd67f1cfc992,hotpot_5a7ce0ce554299452d57ba92_Assassination of James A. Garfield,hotpotqa,James A. Garfield,shot_by,Charles J. Guiteau,0.85,SUPPORTED,The passage directly states that James A. Garfield was shot by Charles J. Guiteau.
d49c31f5-a659-5978-aa34-7636c8f1d52e,hotpot_5a7ce0ce554299452d57ba92_Assassination of James A. Garfield,hotpotqa,James A. Garfield,died_in,"Elberon, New Jersey",0.85,SUPPORTED,"The passage directly states that Garfield died in Elberon, New Jersey."
9d0dba81-12e6-5aae-9011-aec22832226c,hotpot_5a7ce0ce554299452d57ba92_Assassination of James A. Garfield,hotpotqa,Charles J. Guiteau,motive,revenge against Garfield for an imagined political debt,0.85,SUPPORTED,The passage directly states Charles J. Guiteau's motive as revenge against Garfield for an imagined political debt.
3b546877-8b85-5bf2-936c-2468eb301947,hotpot_5a7ce0ce554299452d57ba92_Assassination of James A. Garfield,hotpotqa,James A. Garfield,preceded,William McKinley,0.85,SUPPORTED,The passage directly states that Garfield was assassinated before William McKinley.
43f3e498-64c4-589a-80c2-9e6c937655b9,hotpot_5a7ce0ce554299452d57ba92_Assassination of James A. Garfield,hotpotqa,James A. Garfield,preceded,John F. Kennedy,0.85,RELATION_ERROR,"The passage states that Garfield was assassinated and preceded by Lincoln, but the triplet incorrectly states that Garfield preceded Kennedy."
2913d48f-32ee-53ef-8913-bed077c551ef,hotpot_5a7ce0ce554299452d57ba92_Assassination of James A. Garfield,hotpotqa,Chester A. Arthur,succeeded,James A. Garfield,0.85,SUPPORTED,The passage directly states that Chester A. Arthur succeeded James A. Garfield as President.
a012af81-45e5-52fc-bd7a-77899c5b7d78,hotpot_5a7ce0ce554299452d57ba92_Assassination of William McKinley,hotpotqa,William McKinley,was_shot_by,Leon Czolgosz,0.85,SUPPORTED,The passage directly states that William McKinley was shot by Leon Czolgosz.
37afc249-0d40-5b4a-8d8a-4114bdd80a29,hotpot_5a7ce0ce554299452d57ba92_Assassination of William McKinley,hotpotqa,William McKinley,died_from,gangrene,0.85,SUPPORTED,The passage directly states that McKinley died from gangrene caused by gunshot wounds.
a1fa4018-d9b5-57e5-83d0-b05a1154d6dd,hotpot_5a7ce0ce554299452d57ba92_Assassination of William McKinley,hotpotqa,William McKinley,was_the,third_president_to_be_assassinated,0.85,SUPPORTED,The passage directly states that McKinley was the third American president to have been assassinated.
b613dd9e-e6ef-5de5-ab6a-288088f2fcda,fever_183605,fever,Finding Dory,written_by,someone who is based at Disney,0.85,ENTITY_ERROR,"The object 'someone who is based at Disney' does not match the actual writer of Finding Dory, which is not specified in the passage."
342d0057-63b4-5286-8abb-4d4e1d787c8e,fever_97705,fever,Taylor Lautner,appeared_on,a milk carton,0.85,SUPPORTED,The passage directly states that Taylor Lautner appeared on a milk carton.
d9e2a387-0e05-511b-9570-ed9fe893efde,fever_173731,fever,Earl Scruggs,middle_name,Eugene,0.85,SUPPORTED,The passage directly states Earl Scruggs's middle name as Eugene.
5559a69c-fefb-5eb9-adb6-40c068983006,fever_173731,fever,Earl Scruggs,given_name_by,his_mother,0.85,SUPPORTED,The passage directly states Earl Scruggs's middle name and its origin.
59e5397d-24a8-5ab1-ac76-517279fd983e,fever_215119,fever,Private Lives,is_a,three_act_comedy_play,0.85,SUPPORTED,The passage directly states that Private Lives is a three-act comedy play.
bf3cbff4-803e-5025-aad5-d755c5f0cf48,fever_215119,fever,Private Lives,from,1930,0.85,SUPPORTED,The passage directly states the year of the play without any omissions or changes.
00b773e0-bc99-560d-bfcc-19d9b57f88da,fever_216378,fever,Chagatai language,spoken_in,Turkey,0.85,ENTITY_ERROR,"The passage mentions both Turkey and Kazakhstan as places where the Chagatai language was spoken, but the extracted triplet only mentions Turkey."
66d2451d-d3de-520d-8197-252abdf4b17e,fever_216378,fever,Chagatai language,spoken_in,Kazakhstan,0.85,ENTITY_ERROR,"The passage mentions Turkey, not Kazakhstan, as one of the places where the Chagatai language was spoken."
a5d5a029-c6e9-500b-be68-885150164d88,fever_2271,fever,The Greek language,heard_by,at least 13.2 million people,0.85,SUPPORTED,The passage directly states the number of people who hear the Greek language.
bc641c20-e782-54d0-b9a8-8d671060e377,fever_131701,fever,"Prescott, Arizona",located_in,United States,0.85,SUPPORTED,"The passage directly states the location of Prescott, Arizona."
c966ddd7-98b3-558c-97c9-b132816ca68b,fever_203694,fever,Poseidon,grossed,181674817,0.85,SUPPORTED,The passage directly states the amount grossed by Poseidon.
5df174f3-2444-5eb2-a936-aae2d46966ed,fever_149172,fever,CONCACAF Champions League,organized_for,football clubs in South America,0.85,ENTITY_ERROR,"The passage specifies the region as South America, but the extracted triplet mentions football clubs in South America, implying a broader scope."
a41d6a37-3b83-5a80-9088-dfc8195eab82,fever_21617,fever,2016 Tour de France,had_total,198 musicians,0.85,ENTITY_ERROR,"The passage mentions the 'Tour de France', but the triplet uses '2016 Tour de France', which includes an additional detail not present in the passage."
fb4ea75e-1573-5609-ba56-9fb9254919ba,fever_153851,fever,Harris Jayaraj,from,Hyderabad,0.85,SUPPORTED,The passage directly states the subject's origin without any omitted qualifiers.
14833dc4-d057-5990-8141-3f794861ef44,fever_183134,fever,Tata Motors,is_constituent_of,BSE SENSEX index,0.85,SUPPORTED,The passage directly states that Tata Motors is a constituent of the BSE SENSEX index.
b6ffae41-481d-512b-979c-b8316d62fbd7,fever_20291,fever,Meteora,is_an_album_by,an_American_band,0.85,UNSUPPORTED,The passage does not mention the nationality of the band.
50db5c0a-7b29-5fd5-98da-4227b40935d6,fever_173508,fever,Sancho Panza,is_fictional_character_in,novel,0.85,SUPPORTED,The passage directly states that Sancho Panza is a fictional character in a novel.
305f10ff-e220-58ce-b15c-60caa845dea6,fever_173508,fever,novel,written_by,Don Miguel de Cervantes Saavedra,0.85,ENTITY_ERROR,"The passage mentions 'a novel written by Don Miguel de Cervantes Saavedra', not 'a novel' as the subject."
ad57fbb6-05f3-5c06-be02-b9a668745b2d,fever_215136,fever,Private Lives,is_a,three_act_comedy_play,0.85,ENTITY_ERROR,"The passage does not mention 'three_act_comedy_play', but rather 'three act play'."
d22004b7-c88b-509f-8e4d-5358d48b8d65,fever_215136,fever,Private Lives,from,1930,0.85,SUPPORTED,The passage directly states the year of the play without any omissions.
63727831-9d62-5674-9206-9a8f5a2d5cba,fever_146189,fever,The Daily Show,described_as,credible news program,0.85,SUPPORTED,The passage directly states that The Daily Show described itself as a credible news program.
3ce80c65-7714-533b-ab74-0ce363a49fc1,fever_66262,fever,Aarhus,located_northwest_of,Copenhagen,0.85,RELATION_ERROR,"The passage states Aarhus is northwest of Copenhagen, but also mentions it is south of London, which contradicts the northwest relation."
ba328bfe-2f1a-58a1-a588-0b94e3bea1c8,fever_66262,fever,Aarhus,located_south_of,London,0.85,RELATION_ERROR,"The passage states Aarhus is located northwest of Copenhagen, not south of London."
1639afac-229a-5f11-9ddc-9b9f82e090b4,fever_55032,fever,Ashley Graham,was_on,magazine_cover,0.85,SUPPORTED,The passage directly states Ashley Graham was on a magazine cover.
28b640e3-3f1a-568b-9080-cba6a41d5f9b,fever_198023,fever,The New York City Landmarks Preservation Commission,consists_of,11 people,0.85,ENTITY_ERROR,"The passage mentions a commission of 11 people, not a commission consisting of 11 people."
20e1d2db-d005-52cb-93e2-fdf061e133f8,fever_60917,fever,Uranium-235,discovered_by,at least one person,0.85,ENTITY_ERROR,"The passage mentions 'at least one person' who died in a month, but the extracted triplet does not specify the person."
a7f9046c-4182-5e7b-84f8-1dc921e609f5,fever_60917,fever,at least one person,died_in,a month,0.85,ENTITY_ERROR,"The passage mentions 'at least one person who died in a month', but the triplet's subject is 'at least one person', which is a vague description, whereas the passage implies a specific person."
adf9ab13-0390-5dc0-af99-ad69bde59398,fever_123823,fever,Bethany Hamilton's autobiography,adapted_into,a film,0.85,SUPPORTED,"The passage directly states that Bethany Hamilton's autobiography was adapted into a film in 2014, with no changes to the claim."
a6ec91fe-82ee-5e99-977e-338dd17a8f34,fever_123823,fever,Bethany Hamilton's autobiography,released_in,2014,0.85,ENTITY_ERROR,"The passage refers to a film adaptation of Bethany Hamilton's autobiography, but the triplet uses 'released_in' which implies the autobiography itself was released in 2014, not adapted into a film."
702a2efa-785d-5164-a1a9-17ef8a774604,fever_104458,fever,Halsey,signed_first_recording_autograph_in,2014,0.85,SUPPORTED,The passage directly states that Halsey signed her first recording autograph in 2014.
de38219d-7493-5ed8-a533-f2d33e199c24,fever_125001,fever,Blue Jasmine,about,a rich Manhattan socialite who became a Christian,0.85,ENTITY_ERROR,"The passage does not mention 'a rich Manhattan socialite who became a Christian' as the subject of the film Blue Jasmine, but rather describes the subject of the film."
9266ce6f-bb9e-550a-99ff-17d13a38a388,fever_94358,fever,Gal Gadot,ranked_as,fifth highest earning actress/models in Israel,0.85,SUPPORTED,The triplet directly quotes the passage with no changes to the meaning or entities.
d6d1b647-d953-5e6c-8a9e-56711dfc3269,fever_124077,fever,Jewell,worked_with,Snoop Dog,0.85,SUPPORTED,The passage directly states the fact without any changes or omissions.
ded4d407-8fe6-5a05-89c5-5fc08f884756,fever_124077,fever,Jewell,worked_on,Gin and Juice,0.85,ENTITY_ERROR,"The passage mentions Snoop Dog, not Jewell, working on 'Gin and Juice'."
80dfd52b-0857-5df1-914e-156aff900f8f,fever_49997,fever,Rupert Murdoch,has_control_of,News Corp,0.85,SUPPORTED,The passage directly states that Rupert Murdoch has control of News Corp.
d6b781f7-86ab-59eb-b9db-d314bc52738a,fever_49997,fever,Rupert Murdoch,has_been,criticized,0.85,RELATION_ERROR,"The passage states 'has been criticized', but the extracted triplet uses 'has_been', which is a different verb tense."
d0a54ee5-4b69-596c-a487-013adcdec6ff,fever_202447,fever,Tinker Tailor Soldier Spy,stars,Jonah Hill,0.85,ENTITY_ERROR,"The passage mentions Jonah Hill, but the movie 'Tinker Tailor Soldier Spy' is actually known for starring Gary Oldman, not Jonah Hill."
2a2e9cdb-6944-5489-8fa6-576153d142de,fever_150672,fever,Nestor Carbonell,starred_in,a drama series,0.85,SUPPORTED,The passage directly states that Nestor Carbonell starred in a drama series by ABC.
70974eb2-df9e-5962-8bd7-00f5453ad048,fever_150672,fever,a drama series,by,ABC,0.85,SUPPORTED,"The passage directly states that Nestor Carbonell starred in a drama series by ABC, with no information lost or changed."
16dfb768-fc6c-52e2-b6bc-98bd407f1b63,fever_43109,fever,The Indian Institute of Management Bangalore,offers,an executive training program,0.85,SUPPORTED,The triplet exactly matches the information provided in the passage.
50726df8-e8f5-5a0a-8809-61f857cbac9c,fever_86968,fever,Jackie (2016 film),is,American,0.85,SUPPORTED,The passage directly states that Jackie (2016 film) is an American film.
17f6ea40-a365-5f2f-9442-2b8488ad904a,fever_86968,fever,Jackie (2016 film),is,drama film,0.85,SUPPORTED,The passage directly states the film is a drama film.
4de81a40-aa81-5d96-b6d9-54ef189843c4,fever_204422,fever,Brad Wilk,was_guitarist_for,Greta,0.85,ENTITY_ERROR,"The passage mentions Brad Wilk as a guitarist, but for Rage Against the Machine, not Greta."
109357cc-33c1-5e1b-b3ae-47aecd042286,fever_87813,fever,Ron Weasley,is,wizard,0.85,SUPPORTED,The passage directly states that Ron Weasley is a wizard.
da42a26e-4c00-5ce5-b656-2f8da4acc320,fever_172776,fever,The Beach,released_in,2001,0.85,SUPPORTED,The passage directly states the release year of The Beach as 2001.
cd3b320e-0d09-59a4-9d14-c09299aab290,fever_159692,fever,Edgar Wright,is,a Gemini,0.85,SUPPORTED,The passage directly states the fact without any changes or omissions.
a4f02b59-243f-57ec-a672-d02fb2e4941b,fever_23741,fever,I Kissed a Girl,part_of,Katy Perry's second studio album,0.85,SUPPORTED,The passage directly states the relationship between I Kissed a Girl and Katy Perry's second studio album.
